lat,lon,month,dissolved_oxygen
-15.0,-100.0,1,168.9807931034483
-15.0,-95.0,1,140.02617241379315
-15.0,-90.0,1,143.53503448275862
-15.0,-85.0,1,140.4113448275862
-15.0,-80.0,1,79.66275862068964
-15.0,-30.0,1,198.4564482758621
-15.0,-25.0,1,194.22386206896553
-15.0,-15.0,1,194.7661379310345
-15.0,-10.0,1,182.3556551724138
-15.0,-5.0,1,157.41496551724143
-10.0,-100.0,1,118.56031034482758
-10.0,-95.0,1,114.72931034482761
-10.0,-90.0,1,90.35396551724136
-10.0,-85.0,1,82.65879310344828
-10.0,-80.0,1,70.25772413793104
-10.0,-35.0,1,187.98786206896548
-10.0,-30.0,1,180.1245172413793
-10.0,-25.0,1,176.44072413793106
-10.0,-15.0,1,176.4104137931035
-10.0,-10.0,1,161.5669310344828
-10.0,-5.0,1,142.77475862068965
-5.0,-100.0,1,111.0723448275862
-5.0,-95.0,1,104.96668965517243
-5.0,-90.0,1,115.07841379310345
-5.0,-85.0,1,92.9116551724138
-5.0,-40.0,1,196.5212758620689
-5.0,-35.0,1,178.69210344827587
-5.0,-30.0,1,174.8661034482758
-5.0,-25.0,1,168.91948275862072
-5.0,-20.0,1,172.42931034482757
-5.0,-15.0,1,162.2176551724138
-5.0,-10.0,1,152.13444827586207
-5.0,-5.0,1,152.45155172413791
0.0,-100.0,1,120.53710344827584
0.0,-95.0,1,118.31734482758621
0.0,-90.0,1,118.88789655172414
0.0,-85.0,1,98.93289655172414
0.0,-50.0,1,190.50555172413797
0.0,-45.0,1,186.19448275862067
0.0,-40.0,1,182.35503448275864
0.0,-35.0,1,169.8408275862069
0.0,-30.0,1,173.9774827586207
0.0,-25.0,1,162.39637931034483
0.0,-15.0,1,151.0119655172414
0.0,-10.0,1,143.85410344827588
0.0,-5.0,1,149.2721724137931
5.0,-100.0,1,86.96193103448277
5.0,-95.0,1,81.43810344827585
5.0,-90.0,1,89.17120689655172
5.0,-85.0,1,86.34162068965516
5.0,-80.0,1,105.1121724137931
5.0,-60.0,1,169.72958620689653
5.0,-55.0,1,175.744
5.0,-50.0,1,170.8612068965517
5.0,-45.0,1,182.02286206896557
5.0,-40.0,1,169.88248275862065
5.0,-35.0,1,163.46117241379307
5.0,-30.0,1,172.37068965517238
5.0,-25.0,1,140.36062068965518
5.0,-20.0,1,112.45351724137933
5.0,-15.0,1,105.14653571428573
10.0,-100.0,1,93.95758620689655
10.0,-95.0,1,79.52993103448276
10.0,-90.0,1,69.22734482758622
10.0,-80.0,1,172.80182758620688
10.0,-75.0,1,170.4838214285714
10.0,-70.0,1,137.33906896551724
10.0,-65.0,1,151.86244827586205
10.0,-60.0,1,181.9215172413793
10.0,-55.0,1,178.79624137931032
10.0,-50.0,1,182.9653103448276
10.0,-45.0,1,172.33413793103446
10.0,-40.0,1,169.01417241379306
10.0,-35.0,1,154.32860714285715
10.0,-30.0,1,138.83017241379312
10.0,-25.0,1,131.92524137931034
10.0,-20.0,1,100.43010344827586
15.0,-100.0,1,122.76465517241378
15.0,-95.0,1,168.4544482758621
15.0,-70.0,1,198.56986206896556
15.0,-65.0,1,202.9388275862069
15.0,-55.0,1,194.0043103448276
15.0,-50.0,1,194.58
15.0,-45.0,1,202.67744827586202
15.0,-40.0,1,192.39289655172414
15.0,-35.0,1,180.3704137931035
15.0,-30.0,1,166.52382758620692
15.0,-25.0,1,153.90758620689655
15.0,-20.0,1,118.69055172413795
20.0,-95.0,1,176.51124137931032
20.0,-90.0,1,183.79834482758625
20.0,-85.0,1,212.735
20.0,-80.0,1,199.3942413793103
20.0,-75.0,1,201.38082758620692
20.0,-70.0,1,203.9167931034483
20.0,-65.0,1,202.996
20.0,-60.0,1,201.4218620689655
20.0,-55.0,1,203.18300000000002
20.0,-50.0,1,204.4738275862069
20.0,-45.0,1,205.93641379310347
20.0,-40.0,1,206.6213103448276
20.0,-35.0,1,212.19944827586204
20.0,-30.0,1,209.16110344827592
20.0,-25.0,1,201.09437931034483
20.0,-20.0,1,164.81717241379312
25.0,-95.0,1,188.90910344827583
25.0,-90.0,1,199.7646086956522
25.0,-85.0,1,193.40096000000003
25.0,-80.0,1,199.58920689655176
25.0,-75.0,1,206.06158620689652
25.0,-70.0,1,207.87210344827588
25.0,-65.0,1,207.98855172413795
25.0,-60.0,1,214.2753103448276
25.0,-55.0,1,209.3360344827586
25.0,-50.0,1,210.33584615384618
25.0,-45.0,1,215.33131034482759
25.0,-40.0,1,212.20320689655173
25.0,-35.0,1,220.12741379310344
25.0,-30.0,1,220.99896551724134
25.0,-25.0,1,218.5399655172414
25.0,-20.0,1,215.2816551724138
25.0,-15.0,1,216.48034482758618
30.0,-80.0,1,199.57034482758624
30.0,-75.0,1,213.00727586206898
30.0,-70.0,1,218.26568965517237
30.0,-65.0,1,217.8440689655172
30.0,-60.0,1,216.75475862068964
30.0,-55.0,1,216.09093103448274
30.0,-50.0,1,220.70275862068965
30.0,-45.0,1,216.94137931034484
30.0,-40.0,1,218.81962068965515
30.0,-35.0,1,224.54206896551722
30.0,-30.0,1,224.00813793103447
30.0,-25.0,1,222.06162068965517
30.0,-20.0,1,226.74965517241378
30.0,-15.0,1,227.2317586206896
30.0,-10.0,1,232.3183103448276
-15.0,-100.0,2,172.01175862068968
-15.0,-95.0,2,159.20786206896554
-15.0,-90.0,2,136.1842068965517
-15.0,-85.0,2,137.61755172413794
-15.0,-80.0,2,68.41868965517241
-15.0,-40.0,2,200.10903448275863
-15.0,-35.0,2,195.85172413793103
-15.0,-30.0,2,192.43586206896552
-15.0,-25.0,2,196.25372413793102
-15.0,-10.0,2,174.53386206896545
-15.0,-5.0,2,165.67358620689657
-10.0,-100.0,2,127.53165517241378
-10.0,-95.0,2,118.98655172413793
-10.0,-90.0,2,82.82182758620688
-10.0,-85.0,2,73.21162068965516
-10.0,-80.0,2,53.477310344827586
-10.0,-35.0,2,184.86637931034483
-10.0,-30.0,2,178.59841379310345
-10.0,-15.0,2,160.32065517241378
-10.0,-10.0,2,154.7366896551724
-10.0,-5.0,2,146.62872413793102
-5.0,-100.0,2,110.25472413793102
-5.0,-95.0,2,122.51586206896552
-5.0,-90.0,2,100.34096551724137
-5.0,-85.0,2,91.67437931034482
-5.0,-40.0,2,190.4583793103448
-5.0,-35.0,2,182.0874827586207
-5.0,-30.0,2,160.0982413793103
-5.0,-25.0,2,184.3430909090909
-5.0,-20.0,2,183.04313636363636
-5.0,-15.0,2,152.54248275862068
-5.0,-10.0,2,144.92096551724137
-5.0,-5.0,2,148.54275862068965
0.0,-100.0,2,104.05227586206897
0.0,-95.0,2,124.91937931034481
0.0,-90.0,2,101.8425172413793
0.0,-85.0,2,89.11337931034481
0.0,-80.0,2,92.20637931034481
0.0,-50.0,2,186.17644827586207
0.0,-45.0,2,187.04203448275862
0.0,-40.0,2,183.76672413793105
0.0,-35.0,2,177.52327586206894
0.0,-30.0,2,168.19989655172412
0.0,-25.0,2,156.24208695652172
0.0,-20.0,2,184.73633333333333
0.0,-15.0,2,142.25117241379309
0.0,-10.0,2,142.23444827586206
0.0,-5.0,2,138.28382758620688
5.0,-100.0,2,83.75175862068967
5.0,-95.0,2,82.92572413793106
5.0,-90.0,2,55.50503448275862
5.0,-85.0,2,83.02720689655172
5.0,-80.0,2,92.25882758620689
5.0,-60.0,2,171.49817241379313
5.0,-55.0,2,184.58248275862067
5.0,-50.0,2,178.0163793103448
5.0,-45.0,2,177.68955172413794
5.0,-40.0,2,179.65496551724138
5.0,-35.0,2,171.86810344827583
5.0,-30.0,2,153.30889655172413
5.0,-25.0,2,141.7506896551724
5.0,-20.0,2,117.0118275862069
5.0,-15.0,2,115.85189655172415
10.0,-100.0,2,91.63258620689655
10.0,-95.0,2,90.6163448275862
10.0,-90.0,2,65.67586206896551
10.0,-80.0,2,181.5647777777778
10.0,-75.0,2,185.25527586206897
10.0,-70.0,2,175.13941379310344
10.0,-65.0,2,176.7345517241379
10.0,-60.0,2,186.4743793103449
10.0,-55.0,2,185.2006896551724
10.0,-50.0,2,179.97620689655176
10.0,-45.0,2,166.86334482758625
10.0,-40.0,2,175.18248275862067
10.0,-35.0,2,160.86241379310349
10.0,-30.0,2,149.11162068965518
10.0,-25.0,2,123.91186206896553
10.0,-20.0,2,102.40037931034485
15.0,-100.0,2,61.67279310344828
15.0,-95.0,2,63.30664285714285
15.0,-85.0,2,188.92548275862072
15.0,-80.0,2,201.16903448275866
15.0,-75.0,2,201.09310344827585
15.0,-70.0,2,196.35082758620692
15.0,-65.0,2,189.65641379310344
15.0,-60.0,2,197.402275862069
15.0,-55.0,2,189.63331034482758
15.0,-50.0,2,199.62996551724137
15.0,-45.0,2,205.93148275862066
15.0,-40.0,2,195.27351724137932
15.0,-35.0,2,191.8253448275862
15.0,-30.0,2,178.9910344827586
15.0,-25.0,2,150.11924137931032
15.0,-20.0,2,114.47131034482759
20.0,-95.0,2,192.81235714285714
20.0,-90.0,2,187.01896551724136
20.0,-85.0,2,190.80351724137932
20.0,-80.0,2,196.12299999999996
20.0,-75.0,2,206.3991724137931
20.0,-70.0,2,205.89406896551725
20.0,-65.0,2,208.09734482758626
20.0,-60.0,2,208.8513448275862
20.0,-55.0,2,209.0310344827586
20.0,-50.0,2,208.04189655172408
20.0,-45.0,2,207.8140344827586
20.0,-40.0,2,207.97551724137932
20.0,-35.0,2,209.75255172413796
20.0,-30.0,2,204.4912413793103
20.0,-25.0,2,202.8437241379311
20.0,-20.0,2,165.69203448275866
25.0,-95.0,2,188.19237931034485
25.0,-90.0,2,190.90168965517245
25.0,-85.0,2,180.87244
25.0,-80.0,2,204.07106896551724
25.0,-75.0,2,207.97558620689657
25.0,-70.0,2,211.40855172413796
25.0,-65.0,2,211.34989655172416
25.0,-60.0,2,209.22972413793104
25.0,-55.0,2,210.7218275862069
25.0,-50.0,2,212.41124137931033
25.0,-45.0,2,214.99341379310343
25.0,-40.0,2,216.7768620689655
25.0,-35.0,2,220.8548275862069
25.0,-30.0,2,222.5461724137931
25.0,-25.0,2,221.45917241379308
25.0,-20.0,2,217.47834482758614
25.0,-15.0,2,217.9893103448276
30.0,-80.0,2,206.1107586206897
30.0,-75.0,2,218.33510344827585
30.0,-70.0,2,220.89810344827586
30.0,-65.0,2,220.30168965517242
30.0,-60.0,2,222.38248148148148
30.0,-55.0,2,218.69866666666672
30.0,-50.0,2,222.09431034482756
30.0,-40.0,2,222.36465517241382
30.0,-35.0,2,228.49148275862072
30.0,-30.0,2,224.29524137931034
30.0,-25.0,2,226.98589655172415
30.0,-20.0,2,225.7237931034483
30.0,-15.0,2,225.50924137931034
30.0,-10.0,2,228.77241379310342
-15.0,-100.0,3,155.81106896551725
-15.0,-95.0,3,155.784
-15.0,-90.0,3,135.05944827586205
-15.0,-85.0,3,116.04955172413791
-15.0,-80.0,3,50.75931034482758
-15.0,-40.0,3,196.65011764705883
-15.0,-35.0,3,191.92444827586212
-15.0,-30.0,3,200.33613793103447
-15.0,-25.0,3,200.78872413793104
-15.0,-20.0,3,178.53279310344826
-15.0,-15.0,3,172.79066666666665
-15.0,-10.0,3,169.7231724137931
-15.0,-5.0,3,169.1591724137931
-10.0,-100.0,3,114.04017241379312
-10.0,-95.0,3,109.37562068965516
-10.0,-90.0,3,81.35755172413795
-10.0,-85.0,3,66.53058620689654
-10.0,-80.0,3,43.200241379310334
-10.0,-35.0,3,181.80575862068966
-10.0,-30.0,3,181.82706896551724
-10.0,-25.0,3,177.30568965517244
-10.0,-20.0,3,166.11241379310346
-10.0,-15.0,3,157.70610344827585
-10.0,-10.0,3,159.55324137931038
-10.0,-5.0,3,139.2003448275862
-5.0,-100.0,3,106.0816551724138
-5.0,-95.0,3,111.94527586206897
-5.0,-90.0,3,113.36524137931033
-5.0,-85.0,3,96.42275862068966
-5.0,-45.0,3,188.31962068965518
-5.0,-40.0,3,184.525448275862
-5.0,-35.0,3,172.7446896551724
-5.0,-30.0,3,172.9084827586207
-5.0,-25.0,3,172.63441379310348
-5.0,-20.0,3,164.47262068965517
-5.0,-15.0,3,154.2769655172414
-5.0,-10.0,3,153.7226296296296
-5.0,-5.0,3,151.4474482758621
0.0,-100.0,3,118.76644827586207
0.0,-95.0,3,119.76824137931035
0.0,-90.0,3,115.47582758620689
0.0,-85.0,3,105.38717241379312
0.0,-80.0,3,98.23931034482759
0.0,-50.0,3,185.85062068965516
0.0,-45.0,3,189.63910344827588
0.0,-40.0,3,182.36782758620694
0.0,-35.0,3,171.28099999999998
0.0,-30.0,3,167.20237931034484
0.0,-25.0,3,160.85799999999998
0.0,-20.0,3,155.91300000000004
0.0,-15.0,3,163.99717241379312
0.0,-10.0,3,141.27389285714284
0.0,-5.0,3,148.53900000000004
5.0,-100.0,3,104.63468965517241
5.0,-95.0,3,90.32555172413794
5.0,-90.0,3,88.02144827586207
5.0,-85.0,3,67.52537931034482
5.0,-80.0,3,78.65244827586206
5.0,-60.0,3,175.00282758620688
5.0,-55.0,3,187.0253448275862
5.0,-50.0,3,182.0836551724138
5.0,-45.0,3,186.14279310344827
5.0,-40.0,3,184.4888965517241
5.0,-35.0,3,169.17203448275865
5.0,-30.0,3,153.94872413793107
5.0,-25.0,3,142.3336206896552
5.0,-20.0,3,120.41406896551723
5.0,-15.0,3,116.33944827586208
10.0,-100.0,3,107.81400000000001
10.0,-95.0,3,91.34182758620688
10.0,-90.0,3,91.54141379310344
10.0,-80.0,3,194.12528571428567
10.0,-75.0,3,188.40396551724137
10.0,-70.0,3,166.85441379310345
10.0,-65.0,3,160.51020689655172
10.0,-60.0,3,181.27089655172412
10.0,-55.0,3,190.17934482758622
10.0,-50.0,3,186.20948275862068
10.0,-45.0,3,179.87893103448278
10.0,-40.0,3,163.36358620689657
10.0,-35.0,3,158.79248275862065
10.0,-30.0,3,146.8600344827586
10.0,-25.0,3,130.47424137931034
10.0,-20.0,3,106.60068965517243
15.0,-100.0,3,99.35806896551722
15.0,-85.0,3,197.32979310344825
15.0,-80.0,3,201.3331724137931
15.0,-75.0,3,197.94655555555553
15.0,-70.0,3,203.16331034482758
15.0,-65.0,3,193.53858620689655
15.0,-60.0,3,201.81965517241375
15.0,-50.0,3,199.5520689655172
15.0,-45.0,3,204.43034482758623
15.0,-40.0,3,199.41789655172408
15.0,-35.0,3,187.43551724137936
15.0,-30.0,3,165.9316551724138
15.0,-25.0,3,156.7216551724138
15.0,-20.0,3,112.96020689655172
20.0,-95.0,3,193.27141379310348
20.0,-90.0,3,187.37310344827583
20.0,-85.0,3,195.58448275862068
20.0,-80.0,3,234.033
20.0,-75.0,3,206.5955517241379
20.0,-70.0,3,206.71627586206895
20.0,-65.0,3,205.27431034482763
20.0,-60.0,3,205.0176896551724
20.0,-55.0,3,201.95717241379307
20.0,-50.0,3,206.5237931034483
20.0,-45.0,3,209.6139310344828
20.0,-40.0,3,209.84406896551724
20.0,-35.0,3,213.12755172413796
20.0,-30.0,3,198.7448275862069
20.0,-25.0,3,188.97337931034485
20.0,-20.0,3,167.06010344827587
25.0,-95.0,3,183.4116551724138
25.0,-90.0,3,178.49503448275857
25.0,-85.0,3,182.10672413793102
25.0,-80.0,3,197.17093103448278
25.0,-75.0,3,210.38820689655174
25.0,-70.0,3,210.43300000000002
25.0,-65.0,3,213.00258620689658
25.0,-60.0,3,209.19893103448274
25.0,-55.0,3,213.98875862068968
25.0,-50.0,3,217.98119047619045
25.0,-45.0,3,215.63420689655172
25.0,-40.0,3,214.7162068965517
25.0,-35.0,3,218.16744827586203
25.0,-30.0,3,221.72796551724133
25.0,-25.0,3,224.5619310344827
25.0,-20.0,3,226.54144827586208
25.0,-15.0,3,226.13472413793104
30.0,-80.0,3,203.85462068965518
30.0,-75.0,3,222.33641379310345
30.0,-70.0,3,224.24748275862072
30.0,-65.0,3,223.9784827586207
30.0,-60.0,3,225.79110344827586
30.0,-55.0,3,225.02268965517243
30.0,-50.0,3,224.14235714285715
30.0,-40.0,3,224.76210344827584
30.0,-35.0,3,221.49320689655173
30.0,-30.0,3,222.5883793103448
30.0,-25.0,3,227.65879310344832
30.0,-20.0,3,229.50158620689655
30.0,-15.0,3,229.90693103448277
30.0,-10.0,3,230.310724137931
-15.0,-100.0,4,173.3570689655173
-15.0,-95.0,4,137.68537931034484
-15.0,-90.0,4,133.55658620689655
-15.0,-85.0,4,122.2302068965517
-15.0,-80.0,4,43.45986206896552
-15.0,-40.0,4,193.69089655172414
-15.0,-35.0,4,190.50524137931038
-15.0,-30.0,4,195.4596206896552
-15.0,-25.0,4,188.4393448275862
-15.0,-20.0,4,191.15382758620692
-15.0,-10.0,4,174.5222
-15.0,-5.0,4,163.4473103448276
-10.0,-100.0,4,105.8090344827586
-10.0,-95.0,4,95.02668965517242
-10.0,-90.0,4,73.96841379310344
-10.0,-85.0,4,80.72210344827587
-10.0,-80.0,4,74.411
-10.0,-35.0,4,184.6411724137931
-10.0,-30.0,4,172.46951724137926
-10.0,-25.0,4,178.69013793103446
-10.0,-20.0,4,176.5763103448276
-10.0,-15.0,4,164.15589655172417
-10.0,-10.0,4,152.1813793103448
-10.0,-5.0,4,145.25
-5.0,-100.0,4,92.07196551724138
-5.0,-95.0,4,113.7791724137931
-5.0,-90.0,4,96.55837931034482
-5.0,-85.0,4,87.42144827586208
-5.0,-45.0,4,188.04262068965514
-5.0,-40.0,4,181.97024137931038
-5.0,-35.0,4,171.73568965517237
-5.0,-30.0,4,158.15927586206897
-5.0,-25.0,4,165.45737931034483
-5.0,-20.0,4,165.98575862068967
-5.0,-15.0,4,167.87815384615385
-5.0,-10.0,4,166.6173103448276
-5.0,-5.0,4,149.71179310344826
0.0,-100.0,4,113.66027586206897
0.0,-95.0,4,126.10606896551724
0.0,-90.0,4,110.07351724137934
0.0,-85.0,4,86.9675
0.0,-80.0,4,175.0970625
0.0,-50.0,4,188.4669310344828
0.0,-45.0,4,192.9737586206897
0.0,-40.0,4,183.4063448275862
0.0,-35.0,4,172.54955172413793
0.0,-30.0,4,157.30886206896554
0.0,-25.0,4,163.02206896551726
0.0,-20.0,4,158.49558620689652
0.0,-15.0,4,164.90250000000003
0.0,-10.0,4,149.82872413793103
0.0,-5.0,4,146.2840344827586
5.0,-100.0,4,104.33820689655171
5.0,-95.0,4,82.19568965517242
5.0,-90.0,4,89.39858620689654
5.0,-85.0,4,182.4224137931035
5.0,-80.0,4,185.915
5.0,-60.0,4,172.57868965517238
5.0,-55.0,4,178.54813793103452
5.0,-50.0,4,183.49227586206894
5.0,-45.0,4,184.36241379310343
5.0,-40.0,4,180.2477931034483
5.0,-35.0,4,176.47775862068968
5.0,-30.0,4,147.57693103448275
5.0,-25.0,4,138.26706896551724
5.0,-20.0,4,124.77844827586206
5.0,-15.0,4,133.2197037037037
10.0,-100.0,4,99.11741379310345
10.0,-95.0,4,83.70406896551722
10.0,-90.0,4,82.69086206896553
10.0,-85.0,4,179.11689655172412
10.0,-80.0,4,185.90524137931038
10.0,-75.0,4,169.71717241379307
10.0,-70.0,4,175.73720689655173
10.0,-65.0,4,176.38086206896548
10.0,-60.0,4,179.94213793103452
10.0,-55.0,4,182.50703448275866
10.0,-50.0,4,187.14137931034483
10.0,-45.0,4,182.17931034482757
10.0,-40.0,4,182.27006896551725
10.0,-35.0,4,168.82224137931038
10.0,-30.0,4,150.44572413793105
10.0,-25.0,4,128.07431034482758
10.0,-20.0,4,108.93868965517242
15.0,-100.0,4,110.74931034482759
15.0,-95.0,4,158.11355172413792
15.0,-90.0,4,193.44644827586205
15.0,-85.0,4,189.7653103448276
15.0,-80.0,4,189.11479310344828
15.0,-75.0,4,186.2098275862069
15.0,-70.0,4,195.91010344827586
15.0,-65.0,4,195.37506896551722
15.0,-60.0,4,196.83310344827586
15.0,-55.0,4,194.81568965517243
15.0,-50.0,4,193.40737037037036
15.0,-45.0,4,206.64986206896555
15.0,-40.0,4,206.47824137931033
15.0,-35.0,4,180.3138620689655
15.0,-30.0,4,173.62458620689657
15.0,-25.0,4,163.28758620689655
15.0,-20.0,4,98.57482758620688
20.0,-95.0,4,185.77610344827585
20.0,-90.0,4,187.57631034482753
20.0,-85.0,4,191.5327931034483
20.0,-80.0,4,190.87751724137925
20.0,-75.0,4,203.03900000000002
20.0,-70.0,4,207.46155172413793
20.0,-65.0,4,206.78565517241378
20.0,-60.0,4,207.1019655172414
20.0,-55.0,4,204.8811034482759
20.0,-50.0,4,209.41558620689653
20.0,-45.0,4,211.08800000000002
20.0,-40.0,4,212.2277931034483
20.0,-35.0,4,210.65548275862074
20.0,-30.0,4,202.9544137931034
20.0,-25.0,4,200.03513793103448
20.0,-20.0,4,182.26675862068961
25.0,-95.0,4,180.84037931034484
25.0,-90.0,4,181.42879310344827
25.0,-85.0,4,186.5386296296296
25.0,-80.0,4,206.32024137931037
25.0,-75.0,4,211.0917586206897
25.0,-70.0,4,215.52965517241378
25.0,-65.0,4,217.52124137931034
25.0,-60.0,4,206.81389655172413
25.0,-55.0,4,211.51155172413795
25.0,-50.0,4,218.63110344827584
25.0,-45.0,4,222.15165517241377
25.0,-40.0,4,223.81220689655177
25.0,-35.0,4,217.866
25.0,-30.0,4,225.48537931034483
25.0,-25.0,4,222.1158620689655
25.0,-20.0,4,222.8841034482759
25.0,-15.0,4,222.68941379310348
30.0,-80.0,4,197.837724137931
30.0,-75.0,4,222.9334827586206
30.0,-70.0,4,223.7673103448276
30.0,-65.0,4,224.46868965517243
30.0,-60.0,4,228.80555172413796
30.0,-55.0,4,227.13186206896557
30.0,-50.0,4,230.7333214285714
30.0,-45.0,4,230.1795
30.0,-40.0,4,228.43675862068966
30.0,-35.0,4,236.42944827586203
30.0,-30.0,4,228.8484482758621
30.0,-25.0,4,227.86682758620688
30.0,-20.0,4,229.6388275862069
30.0,-15.0,4,232.2295172413793
30.0,-10.0,4,237.44675862068965
-15.0,-100.0,5,169.7487307692308
-15.0,-95.0,5,141.29096551724137
-15.0,-90.0,5,121.14768965517241
-15.0,-85.0,5,99.21124137931034
-15.0,-80.0,5,57.12713793103447
-15.0,-40.0,5,198.3918214285714
-15.0,-35.0,5,194.04
-15.0,-30.0,5,192.27920689655173
-15.0,-5.0,5,207.4739090909091
-10.0,-100.0,5,113.36217241379309
-10.0,-95.0,5,96.35979310344828
-10.0,-90.0,5,84.48244827586207
-10.0,-85.0,5,86.40706896551724
-10.0,-80.0,5,89.22475999999999
-10.0,-35.0,5,188.5947931034483
-10.0,-30.0,5,172.86958620689654
-10.0,-25.0,5,175.90128
-10.0,-5.0,5,141.02146428571427
-5.0,-100.0,5,99.84479310344828
-5.0,-95.0,5,109.74203448275863
-5.0,-90.0,5,104.6523448275862
-5.0,-85.0,5,85.93506896551723
-5.0,-45.0,5,199.83096
-5.0,-40.0,5,182.02841379310343
-5.0,-35.0,5,176.98362068965517
-5.0,-30.0,5,160.39937931034484
-5.0,-25.0,5,163.19839285714284
-5.0,-15.0,5,168.34537931034484
-5.0,-10.0,5,159.6251724137931
-5.0,-5.0,5,136.7508275862069
0.0,-100.0,5,130.25810344827585
0.0,-95.0,5,122.07386206896551
0.0,-90.0,5,97.2108275862069
0.0,-85.0,5,118.79748275862069
0.0,-80.0,5,130.23951724137933
0.0,-50.0,5,171.25996551724137
0.0,-45.0,5,186.66731034482757
0.0,-40.0,5,176.34462068965516
0.0,-35.0,5,169.7545862068966
0.0,-30.0,5,163.93651724137933
0.0,-25.0,5,166.19868965517244
0.0,-20.0,5,168.18789655172412
0.0,-15.0,5,150.1996551724138
0.0,-10.0,5,145.22855172413793
0.0,-5.0,5,142.05927586206897
5.0,-100.0,5,100.20393103448276
5.0,-95.0,5,78.48468965517243
5.0,-90.0,5,55.19675862068964
5.0,-85.0,5,103.58435714285716
5.0,-80.0,5,133.54841379310344
5.0,-60.0,5,186.23089655172416
5.0,-55.0,5,182.81751724137936
5.0,-50.0,5,186.44262068965517
5.0,-45.0,5,177.8405172413793
5.0,-40.0,5,167.99437931034478
5.0,-35.0,5,165.5503103448276
5.0,-30.0,5,165.60041379310348
5.0,-25.0,5,132.98572413793102
5.0,-20.0,5,124.13868965517241
5.0,-15.0,5,117.26375862068967
10.0,-100.0,5,98.80634482758619
10.0,-95.0,5,95.05752000000001
10.0,-90.0,5,60.1313448275862
10.0,-75.0,5,193.246
10.0,-70.0,5,190.944
10.0,-65.0,5,123.32975862068965
10.0,-60.0,5,182.05275862068964
10.0,-55.0,5,195.4035862068965
10.0,-50.0,5,192.63210344827587
10.0,-45.0,5,177.4494827586207
10.0,-40.0,5,165.79965517241382
10.0,-35.0,5,161.2164482758621
10.0,-30.0,5,151.90568965517247
10.0,-25.0,5,118.77044827586207
10.0,-20.0,5,112.73606896551726
15.0,-100.0,5,148.7473448275862
15.0,-95.0,5,158.36775862068964
15.0,-90.0,5,189.5814827586207
15.0,-85.0,5,184.8466896551724
15.0,-80.0,5,189.64927586206898
15.0,-75.0,5,186.63706896551722
15.0,-70.0,5,203.0450689655172
15.0,-65.0,5,193.81958620689653
15.0,-60.0,5,197.41096551724132
15.0,-55.0,5,201.70596551724134
15.0,-50.0,5,203.30027586206893
15.0,-45.0,5,207.0923448275862
15.0,-40.0,5,203.17168965517246
15.0,-35.0,5,193.34151724137936
15.0,-30.0,5,175.7319655172414
15.0,-25.0,5,154.11120689655175
15.0,-20.0,5,104.97886206896553
20.0,-95.0,5,176.3346206896552
20.0,-90.0,5,184.53031034482757
20.0,-85.0,5,188.1194482758621
20.0,-80.0,5,191.62948
20.0,-75.0,5,196.69389655172412
20.0,-70.0,5,204.5268620689655
20.0,-65.0,5,205.96103448275858
20.0,-60.0,5,204.62141379310347
20.0,-55.0,5,205.94117241379317
20.0,-50.0,5,206.62575862068962
20.0,-45.0,5,213.1989310344827
20.0,-40.0,5,211.05696551724134
20.0,-35.0,5,215.64865517241378
20.0,-30.0,5,208.28413793103445
20.0,-25.0,5,206.45293103448273
20.0,-20.0,5,176.87710344827588
25.0,-95.0,5,182.90289655172415
25.0,-90.0,5,181.25489655172416
25.0,-85.0,5,180.4293103448276
25.0,-80.0,5,199.35910344827585
25.0,-75.0,5,211.70386206896546
25.0,-70.0,5,214.14579310344828
25.0,-65.0,5,215.00872413793107
25.0,-60.0,5,211.3998965517242
25.0,-55.0,5,213.93544827586206
25.0,-50.0,5,216.0805172413793
25.0,-45.0,5,216.90889655172413
25.0,-40.0,5,223.6785172413793
25.0,-35.0,5,222.41379310344828
25.0,-30.0,5,225.85437931034485
25.0,-25.0,5,221.9121724137931
25.0,-20.0,5,219.8763448275862
25.0,-15.0,5,221.3442068965517
30.0,-80.0,5,196.138275862069
30.0,-75.0,5,216.20006896551726
30.0,-70.0,5,214.33910344827586
30.0,-65.0,5,222.24668965517247
30.0,-60.0,5,227.4786551724138
30.0,-55.0,5,221.2698275862069
30.0,-50.0,5,224.81568965517238
30.0,-45.0,5,223.10331034482758
30.0,-40.0,5,224.85444827586204
30.0,-35.0,5,228.62037931034484
30.0,-30.0,5,225.87479310344827
30.0,-25.0,5,226.35862068965514
30.0,-20.0,5,225.95189655172413
30.0,-15.0,5,225.7543793103448
30.0,-10.0,5,230.652
-15.0,-95.0,6,160.35313793103444
-15.0,-90.0,6,127.98306896551725
-15.0,-85.0,6,108.02517241379309
-15.0,-80.0,6,65.70162068965517
-15.0,-35.0,6,191.10507692307692
-15.0,-30.0,6,192.20127586206894
-15.0,-25.0,6,189.47593103448278
-15.0,-20.0,6,179.9229
-15.0,-10.0,6,162.3418
-10.0,-100.0,6,114.70855172413792
-10.0,-95.0,6,101.7553103448276
-10.0,-90.0,6,87.29875862068967
-10.0,-85.0,6,76.45265517241378
-10.0,-80.0,6,70.5433448275862
-10.0,-35.0,6,187.07906896551722
-10.0,-30.0,6,181.0477931034483
-10.0,-25.0,6,173.1184827586207
-10.0,-15.0,6,160.21231034482759
-10.0,-10.0,6,164.11006896551717
-10.0,-5.0,6,155.20490909090907
-5.0,-100.0,6,95.6606896551724
-5.0,-95.0,6,105.09841379310345
-5.0,-90.0,6,105.13689655172413
-5.0,-85.0,6,90.91458620689656
-5.0,-45.0,6,191.2593448275862
-5.0,-40.0,6,178.99448275862068
-5.0,-35.0,6,168.54399999999998
-5.0,-30.0,6,169.6470344827586
-5.0,-25.0,6,166.38496551724143
-5.0,-20.0,6,164.15451724137927
-5.0,-15.0,6,149.0921724137931
-5.0,-10.0,6,156.85482758620685
-5.0,-5.0,6,136.95427586206898
0.0,-100.0,6,138.4064814814815
0.0,-95.0,6,123.95203448275862
0.0,-85.0,6,101.22464285714285
0.0,-50.0,6,191.09313793103448
0.0,-45.0,6,181.08700000000002
0.0,-40.0,6,180.23420689655174
0.0,-35.0,6,172.09327586206896
0.0,-30.0,6,172.2710689655172
0.0,-25.0,6,169.3051379310345
0.0,-20.0,6,160.13606896551724
0.0,-15.0,6,155.09017241379308
0.0,-10.0,6,155.9315172413793
0.0,-5.0,6,148.90641379310347
5.0,-100.0,6,83.163
5.0,-95.0,6,95.58948275862068
5.0,-90.0,6,67.64110344827587
5.0,-85.0,6,89.3228
5.0,-80.0,6,111.36996428571429
5.0,-60.0,6,171.62286206896553
5.0,-55.0,6,172.2289310344828
5.0,-50.0,6,178.55458620689657
5.0,-45.0,6,172.88727586206898
5.0,-40.0,6,171.15648275862074
5.0,-35.0,6,167.85393103448274
5.0,-30.0,6,160.68548275862068
5.0,-25.0,6,141.55834482758618
5.0,-20.0,6,132.57589655172416
5.0,-15.0,6,125.55017857142856
10.0,-100.0,6,76.23579310344827
10.0,-95.0,6,68.55274999999999
10.0,-90.0,6,47.12931034482759
10.0,-80.0,6,175.66917241379318
10.0,-70.0,6,143.74282758620691
10.0,-65.0,6,182.02965517241378
10.0,-60.0,6,190.54148275862067
10.0,-55.0,6,184.50396296296293
10.0,-50.0,6,181.5206551724138
10.0,-45.0,6,183.5236206896552
10.0,-40.0,6,174.93786206896556
10.0,-35.0,6,159.97389655172415
10.0,-30.0,6,148.11993103448273
10.0,-25.0,6,140.9176551724138
10.0,-20.0,6,121.96893103448275
15.0,-100.0,6,180.01936
15.0,-95.0,6,163.83048275862072
15.0,-85.0,6,192.27106896551723
15.0,-80.0,6,190.79410344827588
15.0,-75.0,6,187.53424137931032
15.0,-70.0,6,190.58927586206894
15.0,-65.0,6,191.11824137931035
15.0,-60.0,6,199.04499999999996
15.0,-55.0,6,197.16393103448272
15.0,-50.0,6,195.70810344827586
15.0,-45.0,6,206.38
15.0,-40.0,6,198.87520689655167
15.0,-35.0,6,178.49968965517238
15.0,-30.0,6,170.3768620689655
15.0,-25.0,6,165.61851724137927
15.0,-20.0,6,94.16851724137932
20.0,-95.0,6,180.7321724137931
20.0,-90.0,6,182.11410344827584
20.0,-85.0,6,178.24262068965515
20.0,-80.0,6,195.24982758620692
20.0,-75.0,6,204.15958620689653
20.0,-70.0,6,205.2574137931035
20.0,-65.0,6,206.03882758620688
20.0,-60.0,6,206.32379310344828
20.0,-55.0,6,206.17625925925924
20.0,-50.0,6,207.27327586206894
20.0,-45.0,6,207.67441379310344
20.0,-40.0,6,208.71182758620694
20.0,-35.0,6,204.81986206896548
20.0,-30.0,6,205.46306896551724
20.0,-25.0,6,181.85120689655167
20.0,-20.0,6,180.78706896551722
25.0,-95.0,6,169.21965517241375
25.0,-90.0,6,179.84841379310342
25.0,-85.0,6,185.51027586206897
25.0,-80.0,6,202.22179310344828
25.0,-75.0,6,213.47289655172415
25.0,-70.0,6,213.73027586206896
25.0,-65.0,6,213.68765517241383
25.0,-60.0,6,210.44100000000003
25.0,-55.0,6,214.32506896551723
25.0,-50.0,6,213.0702592592593
25.0,-45.0,6,218.80304
25.0,-40.0,6,217.63913793103447
25.0,-35.0,6,225.31341379310342
25.0,-30.0,6,228.28458620689653
25.0,-25.0,6,221.6843448275862
25.0,-20.0,6,222.70400000000004
25.0,-15.0,6,215.72613793103446
30.0,-80.0,6,196.79479310344828
30.0,-75.0,6,214.2396206896552
30.0,-70.0,6,218.91689655172414
30.0,-65.0,6,221.6006206896552
30.0,-60.0,6,220.51920689655174
30.0,-55.0,6,223.1149655172414
30.0,-50.0,6,222.96051724137934
30.0,-45.0,6,222.5771724137931
30.0,-40.0,6,224.0923103448276
30.0,-35.0,6,230.33817241379313
30.0,-30.0,6,232.47282758620688
30.0,-25.0,6,228.1994827586207
30.0,-20.0,6,220.07220689655173
30.0,-15.0,6,225.24420689655173
30.0,-10.0,6,238.1516896551724
-15.0,-100.0,7,136.3966551724138
-15.0,-95.0,7,148.59341379310348
-15.0,-90.0,7,134.08406896551725
-15.0,-85.0,7,118.49410344827587
-15.0,-80.0,7,80.18641379310344
-15.0,-35.0,7,187.8087777777778
-15.0,-30.0,7,193.3963103448276
-15.0,-25.0,7,201.24913793103448
-15.0,-10.0,7,200.00995454545455
-15.0,-5.0,7,149.64755172413794
-10.0,-100.0,7,122.80162068965517
-10.0,-95.0,7,111.26275862068964
-10.0,-90.0,7,95.05986206896553
-10.0,-85.0,7,93.72937931034483
-10.0,-80.0,7,77.59641379310345
-10.0,-35.0,7,186.29527586206893
-10.0,-30.0,7,177.76899999999998
-10.0,-25.0,7,162.4758620689655
-10.0,-20.0,7,171.03473076923075
-10.0,-15.0,7,177.92255999999998
-10.0,-10.0,7,184.78195454545457
-10.0,-5.0,7,140.9951724137931
-5.0,-100.0,7,110.32358620689655
-5.0,-95.0,7,103.32958620689655
-5.0,-90.0,7,108.18634482758621
-5.0,-85.0,7,87.90296551724137
-5.0,-45.0,7,195.40162068965515
-5.0,-40.0,7,182.56606896551722
-5.0,-35.0,7,177.47058620689654
-5.0,-30.0,7,165.73696551724134
-5.0,-25.0,7,167.67858620689657
-5.0,-20.0,7,159.53075862068965
-5.0,-15.0,7,157.25920689655175
-5.0,-10.0,7,152.19827586206895
-5.0,-5.0,7,144.15682758620693
0.0,-100.0,7,139.73306896551722
0.0,-95.0,7,120.20834482758622
0.0,-90.0,7,101.98120689655173
0.0,-85.0,7,104.96820689655172
0.0,-50.0,7,206.40990000000002
0.0,-45.0,7,189.44189655172414
0.0,-40.0,7,184.63168965517247
0.0,-35.0,7,176.88734482758622
0.0,-30.0,7,165.39051724137937
0.0,-25.0,7,167.10610344827586
0.0,-20.0,7,164.62927586206897
0.0,-15.0,7,153.26693103448275
0.0,-10.0,7,156.70082758620686
0.0,-5.0,7,137.4274827586207
5.0,-100.0,7,92.58037931034484
5.0,-95.0,7,87.24196551724137
5.0,-90.0,7,55.284896551724145
5.0,-80.0,7,173.12565517241376
5.0,-55.0,7,164.48581481481483
5.0,-45.0,7,176.37823076923075
5.0,-40.0,7,166.4156896551724
5.0,-35.0,7,163.98775862068968
5.0,-30.0,7,151.41927586206893
5.0,-25.0,7,150.02079310344828
5.0,-20.0,7,126.89548275862069
5.0,-15.0,7,127.02344
10.0,-100.0,7,70.33424137931034
10.0,-95.0,7,62.165448275862076
10.0,-90.0,7,56.29806896551725
10.0,-80.0,7,173.55341379310346
10.0,-75.0,7,176.95172727272728
10.0,-70.0,7,146.85055172413794
10.0,-65.0,7,174.59406896551724
10.0,-60.0,7,180.87041379310347
10.0,-55.0,7,182.87244827586204
10.0,-50.0,7,191.05207142857145
10.0,-45.0,7,190.36786206896554
10.0,-40.0,7,198.6963793103448
10.0,-35.0,7,169.1736551724138
10.0,-30.0,7,141.65344827586208
10.0,-25.0,7,132.20910344827587
10.0,-20.0,7,122.94403448275858
15.0,-100.0,7,126.54241379310346
15.0,-95.0,7,159.65639285714286
15.0,-80.0,7,190.4546
15.0,-70.0,7,193.27072413793104
15.0,-65.0,7,187.22431034482761
15.0,-60.0,7,189.4998620689655
15.0,-55.0,7,194.11751724137932
15.0,-50.0,7,196.64041379310342
15.0,-45.0,7,204.39155172413794
15.0,-40.0,7,196.47213793103444
15.0,-35.0,7,182.19089655172414
15.0,-30.0,7,169.69779310344828
15.0,-25.0,7,149.61655172413793
15.0,-20.0,7,103.1525172413793
20.0,-95.0,7,178.8954482758621
20.0,-90.0,7,180.37844827586204
20.0,-85.0,7,177.90113793103447
20.0,-80.0,7,192.6556551724138
20.0,-75.0,7,204.11996551724135
20.0,-70.0,7,203.28058620689652
20.0,-65.0,7,199.91789655172408
20.0,-60.0,7,205.08596551724133
20.0,-55.0,7,215.48424137931036
20.0,-50.0,7,208.07482758620694
20.0,-45.0,7,210.00375862068964
20.0,-40.0,7,212.10486206896553
20.0,-35.0,7,215.36389655172414
20.0,-30.0,7,209.93565517241373
20.0,-25.0,7,201.55813793103448
20.0,-20.0,7,176.60824137931033
25.0,-95.0,7,159.97451724137932
25.0,-90.0,7,168.72893103448277
25.0,-85.0,7,177.20851724137933
25.0,-80.0,7,186.6113103448276
25.0,-75.0,7,211.6486551724138
25.0,-70.0,7,213.40196551724136
25.0,-65.0,7,212.40865517241375
25.0,-60.0,7,213.92992592592594
25.0,-55.0,7,220.99072413793107
25.0,-45.0,7,217.4782068965517
25.0,-40.0,7,213.94362068965518
25.0,-35.0,7,221.5493103448276
25.0,-30.0,7,221.7574482758621
25.0,-25.0,7,220.31458620689656
25.0,-20.0,7,220.3149655172414
25.0,-15.0,7,223.93058620689655
30.0,-80.0,7,190.72810344827587
30.0,-75.0,7,210.72831034482755
30.0,-70.0,7,217.73579310344823
30.0,-65.0,7,218.8925172413793
30.0,-60.0,7,220.3124137931035
30.0,-55.0,7,223.26617241379313
30.0,-50.0,7,219.2527142857143
30.0,-45.0,7,220.39027586206896
30.0,-40.0,7,230.11913793103452
30.0,-35.0,7,222.28265517241377
30.0,-30.0,7,227.1031379310345
30.0,-25.0,7,225.75796551724136
30.0,-20.0,7,223.3695172413793
30.0,-15.0,7,225.91448275862066
30.0,-10.0,7,219.82289655172414
-15.0,-100.0,8,152.52093103448271
-15.0,-95.0,8,154.35782758620695
-15.0,-90.0,8,139.2468275862069
-15.0,-85.0,8,123.58958620689656
-15.0,-80.0,8,73.46706896551726
-15.0,-35.0,8,191.59328000000005
-15.0,-30.0,8,194.89048275862072
-15.0,-25.0,8,200.66337037037036
-15.0,-5.0,8,138.02210344827586
-10.0,-100.0,8,126.72403448275863
-10.0,-95.0,8,109.67955172413794
-10.0,-90.0,8,100.88134482758622
-10.0,-85.0,8,72.49706896551726
-10.0,-80.0,8,72.91879310344828
-10.0,-35.0,8,180.3634814814815
-10.0,-30.0,8,176.31520689655173
-10.0,-25.0,8,170.55148275862066
-10.0,-15.0,8,157.4960344827586
-10.0,-10.0,8,157.53355172413796
-10.0,-5.0,8,152.0502857142857
-5.0,-100.0,8,110.22837931034482
-5.0,-95.0,8,107.35441379310346
-5.0,-90.0,8,110.54824137931033
-5.0,-85.0,8,82.09582758620688
-5.0,-45.0,8,199.99931034482756
-5.0,-40.0,8,186.2293448275862
-5.0,-35.0,8,179.230275862069
-5.0,-30.0,8,167.35896551724133
-5.0,-25.0,8,168.02027586206893
-5.0,-20.0,8,163.1443448275862
-5.0,-15.0,8,150.9513448275862
-5.0,-10.0,8,146.07213793103446
-5.0,-5.0,8,144.78406896551726
0.0,-100.0,8,125.25003448275862
0.0,-95.0,8,121.47996551724135
0.0,-90.0,8,122.87489655172415
0.0,-85.0,8,114.96472413793104
0.0,-80.0,8,114.32103448275862
0.0,-50.0,8,195.82324137931033
0.0,-45.0,8,194.8426206896552
0.0,-40.0,8,184.32841379310344
0.0,-35.0,8,171.71327586206897
0.0,-30.0,8,170.7752068965517
0.0,-25.0,8,161.83268965517243
0.0,-20.0,8,164.9096206896552
0.0,-15.0,8,154.80762068965518
0.0,-10.0,8,154.62065517241382
0.0,-5.0,8,136.30689655172415
5.0,-100.0,8,85.12534482758622
5.0,-95.0,8,89.132
5.0,-90.0,8,59.76531034482758
5.0,-85.0,8,103.60303448275863
5.0,-80.0,8,106.48927586206898
5.0,-60.0,8,174.75075862068962
5.0,-55.0,8,173.34493103448278
5.0,-50.0,8,184.6653448275862
5.0,-45.0,8,182.3438965517241
5.0,-40.0,8,177.0585862068965
5.0,-35.0,8,161.77613793103447
5.0,-30.0,8,163.21534482758622
5.0,-25.0,8,156.6920344827586
5.0,-20.0,8,136.70127586206897
5.0,-15.0,8,128.35316
10.0,-100.0,8,52.32648275862069
10.0,-90.0,8,69.53075862068965
10.0,-70.0,8,159.97972413793104
10.0,-65.0,8,157.61258620689654
10.0,-60.0,8,188.10937931034485
10.0,-55.0,8,184.60051724137926
10.0,-50.0,8,179.00689655172414
10.0,-45.0,8,177.82544827586204
10.0,-40.0,8,180.94572413793105
10.0,-35.0,8,155.93306896551724
10.0,-30.0,8,130.34731034482758
10.0,-25.0,8,118.65989655172415
10.0,-20.0,8,115.52644827586205
15.0,-100.0,8,162.1832068965517
15.0,-95.0,8,155.60631034482753
15.0,-90.0,8,178.3156206896552
15.0,-85.0,8,178.51224137931035
15.0,-80.0,8,181.3173793103448
15.0,-70.0,8,201.6703793103448
15.0,-65.0,8,189.26589655172413
15.0,-60.0,8,194.99403448275862
15.0,-55.0,8,200.99599999999998
15.0,-50.0,8,198.287
15.0,-45.0,8,203.39068965517245
15.0,-40.0,8,188.18800000000002
15.0,-35.0,8,182.67306896551725
15.0,-30.0,8,173.7576206896552
15.0,-25.0,8,141.91906896551725
15.0,-20.0,8,104.39058620689657
20.0,-95.0,8,175.22603448275862
20.0,-90.0,8,182.51696551724135
20.0,-85.0,8,177.8084827586207
20.0,-80.0,8,195.63496551724137
20.0,-75.0,8,207.35775862068965
20.0,-70.0,8,208.29051724137932
20.0,-65.0,8,203.80348275862067
20.0,-60.0,8,206.91103448275865
20.0,-55.0,8,209.81024137931033
20.0,-50.0,8,209.38941379310344
20.0,-45.0,8,210.03820689655177
20.0,-40.0,8,208.03110344827584
20.0,-35.0,8,208.7611034482759
20.0,-30.0,8,207.24558620689652
20.0,-25.0,8,194.7346206896552
20.0,-20.0,8,171.07810344827584
25.0,-95.0,8,174.81913793103442
25.0,-90.0,8,175.6745172413793
25.0,-85.0,8,164.22596551724138
25.0,-80.0,8,196.84841379310345
25.0,-75.0,8,214.74013793103447
25.0,-70.0,8,215.9838620689655
25.0,-65.0,8,215.46458620689657
25.0,-60.0,8,215.49479310344827
25.0,-55.0,8,214.16862068965517
25.0,-50.0,8,218.25862068965515
25.0,-45.0,8,222.0000344827586
25.0,-40.0,8,224.21986206896557
25.0,-35.0,8,224.22431034482761
25.0,-30.0,8,223.21079310344825
25.0,-25.0,8,223.891
25.0,-20.0,8,214.97731034482757
25.0,-15.0,8,210.6382413793103
30.0,-80.0,8,184.25427586206897
30.0,-75.0,8,214.27317241379313
30.0,-70.0,8,217.39975862068965
30.0,-65.0,8,219.2015172413793
30.0,-60.0,8,220.37575862068965
30.0,-55.0,8,215.74134482758618
30.0,-50.0,8,220.22562068965516
30.0,-45.0,8,221.7204827586207
30.0,-40.0,8,216.346
30.0,-35.0,8,226.93803448275864
30.0,-30.0,8,224.53475862068964
30.0,-25.0,8,225.07079310344827
30.0,-20.0,8,224.30796551724143
30.0,-15.0,8,224.13255172413793
30.0,-10.0,8,217.41996551724134
-15.0,-100.0,9,172.98855172413795
-15.0,-95.0,9,151.5416896551724
-15.0,-90.0,9,155.9399655172414
-15.0,-85.0,9,129.92196551724138
-15.0,-80.0,9,73.36606896551724
-15.0,-40.0,9,197.9646551724138
-15.0,-35.0,9,193.72240740740745
-15.0,-25.0,9,201.120037037037
-15.0,-10.0,9,198.1758181818182
-15.0,-5.0,9,145.30455172413795
-10.0,-100.0,9,124.11693103448277
-10.0,-95.0,9,121.04734482758619
-10.0,-90.0,9,97.52082758620689
-10.0,-85.0,9,82.05086206896551
-10.0,-80.0,9,59.674827586206895
-10.0,-35.0,9,186.4757931034483
-10.0,-30.0,9,182.72748275862065
-10.0,-25.0,9,170.5343448275862
-10.0,-15.0,9,164.18220689655172
-10.0,-10.0,9,162.82668965517243
-10.0,-5.0,9,130.0419655172414
-5.0,-100.0,9,111.05634482758619
-5.0,-95.0,9,123.05120689655173
-5.0,-90.0,9,117.96275862068966
-5.0,-85.0,9,95.25810344827585
-5.0,-40.0,9,186.5922068965517
-5.0,-35.0,9,184.52944827586208
-5.0,-30.0,9,171.18610344827587
-5.0,-25.0,9,173.24348275862067
-5.0,-15.0,9,164.11337931034484
-5.0,-10.0,9,155.93510344827584
-5.0,-5.0,9,149.1233793103448
0.0,-100.0,9,123.15141379310343
0.0,-95.0,9,118.10962068965517
0.0,-90.0,9,110.46944827586206
0.0,-85.0,9,67.192
0.0,-80.0,9,111.529
0.0,-50.0,9,191.7296896551724
0.0,-45.0,9,180.73344827586206
0.0,-40.0,9,177.36879310344827
0.0,-35.0,9,179.7309655172414
0.0,-30.0,9,172.0588620689655
0.0,-25.0,9,166.91644827586208
0.0,-15.0,9,163.16865517241385
0.0,-10.0,9,153.67817241379308
0.0,-5.0,9,141.53696551724138
5.0,-100.0,9,83.14227586206897
5.0,-95.0,9,90.46927586206898
5.0,-90.0,9,66.59365517241379
5.0,-85.0,9,141.1581851851852
5.0,-80.0,9,119.11117241379311
5.0,-60.0,9,185.5248620689655
5.0,-55.0,9,183.61751724137932
5.0,-50.0,9,168.15510344827587
5.0,-45.0,9,168.3368275862069
5.0,-40.0,9,173.26948275862068
5.0,-35.0,9,149.5048275862069
5.0,-30.0,9,166.4998965517241
5.0,-25.0,9,151.12234482758618
5.0,-20.0,9,145.6691034482759
5.0,-15.0,9,121.48579310344829
10.0,-100.0,9,63.34551724137932
10.0,-95.0,9,72.72910344827588
10.0,-90.0,9,58.937137931034485
10.0,-75.0,9,179.31079310344828
10.0,-70.0,9,163.57641379310346
10.0,-65.0,9,169.99617241379312
10.0,-60.0,9,185.48720689655173
10.0,-55.0,9,180.22051724137927
10.0,-50.0,9,179.31117241379312
10.0,-40.0,9,174.47240000000002
10.0,-35.0,9,154.88141379310346
10.0,-30.0,9,130.81872413793104
10.0,-25.0,9,127.8993448275862
10.0,-20.0,9,120.687
15.0,-100.0,9,104.19425
15.0,-95.0,9,116.09806896551721
15.0,-80.0,9,188.425375
15.0,-70.0,9,197.6148275862069
15.0,-65.0,9,195.81162068965517
15.0,-60.0,9,191.4033793103448
15.0,-55.0,9,198.44541379310346
15.0,-50.0,9,195.1710344827586
15.0,-45.0,9,199.95344827586206
15.0,-40.0,9,193.36934482758622
15.0,-35.0,9,180.34417241379307
15.0,-30.0,9,164.64003448275864
15.0,-25.0,9,129.443724137931
15.0,-20.0,9,109.85255172413791
20.0,-95.0,9,171.1541724137931
20.0,-90.0,9,180.04851724137927
20.0,-85.0,9,180.96096
20.0,-80.0,9,200.09310714285712
20.0,-75.0,9,203.83375862068965
20.0,-70.0,9,203.6431724137931
20.0,-65.0,9,206.5135517241379
20.0,-60.0,9,202.9106896551724
20.0,-55.0,9,205.54241379310344
20.0,-50.0,9,204.78044827586206
20.0,-45.0,9,204.0236896551724
20.0,-40.0,9,205.31924137931037
20.0,-35.0,9,202.70417241379312
20.0,-30.0,9,202.99362068965516
20.0,-25.0,9,187.44565517241386
20.0,-20.0,9,144.46948275862067
25.0,-95.0,9,171.21286206896548
25.0,-90.0,9,170.23472413793104
25.0,-85.0,9,166.56889655172415
25.0,-80.0,9,193.75634482758622
25.0,-75.0,9,208.09400000000002
25.0,-70.0,9,213.18103448275863
25.0,-65.0,9,215.3493103448276
25.0,-60.0,9,213.11820689655175
25.0,-55.0,9,213.854275862069
25.0,-50.0,9,210.8108620689655
25.0,-45.0,9,212.60793103448276
25.0,-40.0,9,214.07862068965517
25.0,-35.0,9,217.72113793103452
25.0,-30.0,9,216.07441379310342
25.0,-25.0,9,217.02020689655177
25.0,-20.0,9,216.52600000000004
25.0,-15.0,9,215.9474285714286
30.0,-80.0,9,181.81213793103444
30.0,-75.0,9,211.19217241379314
30.0,-70.0,9,215.33258620689656
30.0,-65.0,9,212.93958620689654
30.0,-60.0,9,213.4328965517241
30.0,-55.0,9,212.20358620689657
30.0,-50.0,9,210.21793103448275
30.0,-45.0,9,214.74051724137934
30.0,-40.0,9,220.1651379310345
30.0,-35.0,9,225.89710344827589
30.0,-30.0,9,216.4411724137931
30.0,-25.0,9,224.5147931034483
30.0,-20.0,9,226.56565517241378
30.0,-15.0,9,227.88265517241376
30.0,-10.0,9,236.36499999999998
-15.0,-100.0,10,169.11744827586207
-15.0,-95.0,10,155.62306896551723
-15.0,-90.0,10,154.98510344827585
-15.0,-85.0,10,141.80355172413792
-15.0,-80.0,10,86.72196551724139
-15.0,-40.0,10,199.1524482758621
-15.0,-35.0,10,185.0368461538461
-15.0,-25.0,10,189.95413793103447
-15.0,-15.0,10,165.74237931034483
-10.0,-100.0,10,127.34620689655173
-10.0,-95.0,10,116.22196551724137
-10.0,-90.0,10,110.29755172413793
-10.0,-85.0,10,76.97396551724138
-10.0,-80.0,10,54.50089655172414
-10.0,-35.0,10,191.16893103448277
-10.0,-30.0,10,177.65706896551725
-10.0,-25.0,10,173.93086206896555
-10.0,-20.0,10,175.7728275862069
-10.0,-15.0,10,166.16741379310346
-10.0,-10.0,10,144.89714285714288
-10.0,-5.0,10,143.90648275862068
-5.0,-100.0,10,106.12748275862067
-5.0,-95.0,10,107.46551724137933
-5.0,-90.0,10,110.94331034482757
-5.0,-85.0,10,85.07410344827588
-5.0,-45.0,10,194.4763448275862
-5.0,-40.0,10,192.00162068965523
-5.0,-35.0,10,181.80117241379304
-5.0,-30.0,10,182.06920689655175
-5.0,-25.0,10,178.30893103448278
-5.0,-20.0,10,167.7816551724138
-5.0,-15.0,10,152.99789655172412
-5.0,-10.0,10,142.77475862068965
-5.0,-5.0,10,147.57389655172415
0.0,-100.0,10,127.80641379310343
0.0,-95.0,10,106.41186206896552
0.0,-90.0,10,110.89682758620691
0.0,-85.0,10,112.64775862068964
0.0,-80.0,10,117.6516551724138
0.0,-50.0,10,190.5546896551724
0.0,-45.0,10,189.482
0.0,-40.0,10,183.13493103448275
0.0,-35.0,10,175.0725172413793
0.0,-30.0,10,175.9646896551724
0.0,-25.0,10,169.5906551724138
0.0,-20.0,10,154.2702413793103
0.0,-15.0,10,139.6183448275862
0.0,-10.0,10,126.07906896551727
0.0,-5.0,10,150.6993448275862
5.0,-100.0,10,97.50662068965515
5.0,-95.0,10,95.02789655172411
5.0,-90.0,10,66.56248275862069
5.0,-85.0,10,109.77672413793104
5.0,-80.0,10,126.51248275862068
5.0,-60.0,10,167.74710344827588
5.0,-55.0,10,173.93855172413794
5.0,-50.0,10,174.38475862068964
5.0,-45.0,10,168.75768965517238
5.0,-40.0,10,161.7116551724138
5.0,-35.0,10,159.51096551724143
5.0,-30.0,10,153.76113793103445
5.0,-25.0,10,154.40831034482756
5.0,-20.0,10,131.10137931034484
5.0,-15.0,10,107.98624137931034
10.0,-100.0,10,66.65058620689655
10.0,-95.0,10,74.35615999999999
10.0,-90.0,10,72.66825
10.0,-85.0,10,178.21500000000003
10.0,-80.0,10,174.89375862068965
10.0,-75.0,10,178.12637931034482
10.0,-70.0,10,171.6410344827586
10.0,-65.0,10,161.01720689655173
10.0,-60.0,10,176.62510344827587
10.0,-55.0,10,182.12662068965517
10.0,-50.0,10,184.6319310344828
10.0,-45.0,10,178.31055172413792
10.0,-40.0,10,174.6674814814815
10.0,-35.0,10,148.56175862068966
10.0,-30.0,10,135.20058620689656
10.0,-25.0,10,130.22396551724137
10.0,-20.0,10,109.71889655172411
15.0,-100.0,10,175.63155172413798
15.0,-95.0,10,180.0177727272727
15.0,-90.0,10,179.4875172413793
15.0,-85.0,10,186.95175862068965
15.0,-80.0,10,184.38424137931028
15.0,-75.0,10,186.19603448275865
15.0,-70.0,10,192.75468965517243
15.0,-65.0,10,192.8215517241379
15.0,-60.0,10,204.19087999999996
15.0,-55.0,10,193.76175862068965
15.0,-50.0,10,195.48944444444447
15.0,-45.0,10,203.53648275862068
15.0,-40.0,10,193.03834482758623
15.0,-35.0,10,189.20341379310344
15.0,-30.0,10,174.8863793103449
15.0,-25.0,10,120.55837931034483
15.0,-20.0,10,107.18327586206897
20.0,-95.0,10,175.24879310344824
20.0,-90.0,10,178.9198275862069
20.0,-85.0,10,165.4546551724138
20.0,-80.0,10,195.23806896551724
20.0,-75.0,10,200.83441379310344
20.0,-70.0,10,201.7796206896552
20.0,-65.0,10,206.47655172413795
20.0,-60.0,10,208.1273103448276
20.0,-55.0,10,203.86106896551726
20.0,-50.0,10,204.31031034482757
20.0,-45.0,10,204.09320689655172
20.0,-40.0,10,208.3093448275862
20.0,-35.0,10,205.42096551724137
20.0,-30.0,10,200.04968965517241
20.0,-25.0,10,197.9164827586207
20.0,-20.0,10,142.03820689655174
25.0,-95.0,10,170.81665517241382
25.0,-90.0,10,168.62862068965515
25.0,-85.0,10,177.95066666666665
25.0,-80.0,10,192.72855172413796
25.0,-75.0,10,207.6206206896552
25.0,-70.0,10,205.53493103448275
25.0,-65.0,10,209.4986896551724
25.0,-60.0,10,211.51696551724137
25.0,-55.0,10,211.24331034482756
25.0,-50.0,10,210.5613448275862
25.0,-45.0,10,216.85972
25.0,-40.0,10,212.23410344827585
25.0,-35.0,10,216.59334482758618
25.0,-30.0,10,215.1757586206897
25.0,-25.0,10,220.3106896551724
25.0,-20.0,10,214.8005517241379
25.0,-15.0,10,210.54934482758622
30.0,-80.0,10,195.6058620689655
30.0,-75.0,10,208.8811724137931
30.0,-70.0,10,209.54272413793106
30.0,-65.0,10,212.04289655172408
30.0,-60.0,10,211.69575862068967
30.0,-55.0,10,212.71406896551724
30.0,-50.0,10,207.33485185185182
30.0,-45.0,10,216.57886206896558
30.0,-40.0,10,216.85468965517242
30.0,-35.0,10,218.01820689655173
30.0,-30.0,10,215.29331034482757
30.0,-25.0,10,221.46275862068967
30.0,-20.0,10,213.92917241379314
30.0,-15.0,10,221.88689655172413
30.0,-10.0,10,227.45948275862065
-15.0,-100.0,11,177.3703103448276
-15.0,-95.0,11,170.0816551724138
-15.0,-90.0,11,150.24765517241383
-15.0,-85.0,11,128.62527586206895
-15.0,-80.0,11,74.58944827586207
-15.0,-35.0,11,185.99979310344833
-15.0,-30.0,11,191.4804827586207
-15.0,-25.0,11,198.39496551724136
-15.0,-10.0,11,
-10.0,-100.0,11,127.432
-10.0,-95.0,11,116.8411379310345
-10.0,-90.0,11,99.60113793103447
-10.0,-85.0,11,69.34348275862068
-10.0,-80.0,11,49.13986206896552
-10.0,-35.0,11,193.3153103448276
-10.0,-30.0,11,181.68365517241372
-10.0,-25.0,11,182.70958620689655
-10.0,-15.0,11,165.71907692307693
-10.0,-10.0,11,163.81784615384615
-10.0,-5.0,11,148.28635714285716
-5.0,-100.0,11,105.07600000000001
-5.0,-95.0,11,110.82413793103447
-5.0,-90.0,11,114.37317241379311
-5.0,-85.0,11,89.77668965517242
-5.0,-45.0,11,196.37344827586207
-5.0,-40.0,11,189.22479310344826
-5.0,-35.0,11,187.9176896551724
-5.0,-30.0,11,175.7116206896552
-5.0,-25.0,11,169.75817241379306
-5.0,-20.0,11,159.6444736842105
-5.0,-15.0,11,166.70468965517242
-5.0,-10.0,11,148.0593103448276
-5.0,-5.0,11,148.9967586206897
0.0,-100.0,11,134.54410344827585
0.0,-95.0,11,117.33506896551722
0.0,-90.0,11,106.55927586206897
0.0,-85.0,11,109.73131034482758
0.0,-80.0,11,114.96696551724136
0.0,-50.0,11,191.42424137931033
0.0,-45.0,11,192.19344827586207
0.0,-40.0,11,184.31103448275863
0.0,-35.0,11,174.41403448275864
0.0,-30.0,11,169.8291034482759
0.0,-25.0,11,164.57686206896554
0.0,-20.0,11,160.2649655172414
0.0,-15.0,11,173.38286206896552
0.0,-10.0,11,143.64603448275864
0.0,-5.0,11,150.20389655172414
5.0,-100.0,11,89.94968965517242
5.0,-95.0,11,82.61717241379313
5.0,-90.0,11,58.57755172413793
5.0,-85.0,11,109.16388888888889
5.0,-80.0,11,130.73948275862068
5.0,-60.0,11,165.92010714285712
5.0,-55.0,11,180.6702758620689
5.0,-50.0,11,174.94813793103447
5.0,-45.0,11,171.318275862069
5.0,-40.0,11,171.49455172413795
5.0,-35.0,11,162.3783448275862
5.0,-30.0,11,160.7556206896552
5.0,-25.0,11,143.79775862068965
5.0,-20.0,11,119.12193103448276
5.0,-15.0,11,130.24131034482758
10.0,-100.0,11,75.25396551724138
10.0,-95.0,11,70.13796551724138
10.0,-90.0,11,67.99345833333334
10.0,-85.0,11,182.92537931034482
10.0,-80.0,11,181.8850689655173
10.0,-75.0,11,175.84910344827586
10.0,-70.0,11,158.13641379310346
10.0,-65.0,11,174.14527586206896
10.0,-60.0,11,172.16844827586212
10.0,-55.0,11,178.24037931034485
10.0,-50.0,11,180.25386206896556
10.0,-40.0,11,153.73185185185187
10.0,-35.0,11,146.4473103448276
10.0,-30.0,11,132.09317241379307
10.0,-25.0,11,122.46210344827585
10.0,-20.0,11,108.28206896551727
15.0,-100.0,11,137.41041379310346
15.0,-95.0,11,167.61555172413796
15.0,-85.0,11,187.5757931034483
15.0,-80.0,11,186.87858620689656
15.0,-75.0,11,181.81958620689656
15.0,-70.0,11,192.1118620689655
15.0,-65.0,11,184.3723448275862
15.0,-60.0,11,202.25853846153845
15.0,-55.0,11,193.6324074074074
15.0,-50.0,11,195.151724137931
15.0,-45.0,11,198.30689655172415
15.0,-40.0,11,197.2670344827586
15.0,-35.0,11,181.86093103448275
15.0,-30.0,11,155.4705862068966
15.0,-25.0,11,142.23682758620694
15.0,-20.0,11,107.08762068965518
20.0,-95.0,11,173.99803448275867
20.0,-90.0,11,182.2244827586207
20.0,-85.0,11,181.83579310344825
20.0,-75.0,11,197.4435172413793
20.0,-70.0,11,201.08941379310346
20.0,-65.0,11,204.23734482758624
20.0,-60.0,11,204.22386206896553
20.0,-55.0,11,202.98696551724134
20.0,-50.0,11,203.42065517241377
20.0,-45.0,11,205.07624137931035
20.0,-40.0,11,203.6584827586207
20.0,-35.0,11,204.36944827586206
20.0,-30.0,11,189.69665517241378
20.0,-25.0,11,210.15913793103445
20.0,-20.0,11,129.21527586206895
25.0,-95.0,11,176.7615862068966
25.0,-90.0,11,175.4187931034483
25.0,-85.0,11,175.33442857142856
25.0,-80.0,11,196.8993103448276
25.0,-75.0,11,206.82913793103447
25.0,-70.0,11,207.84189655172415
25.0,-65.0,11,210.80913793103448
25.0,-60.0,11,211.2633103448276
25.0,-55.0,11,207.78041379310346
25.0,-50.0,11,206.2128620689655
25.0,-45.0,11,207.40951724137935
25.0,-40.0,11,215.70337931034484
25.0,-35.0,11,214.65572413793103
25.0,-30.0,11,213.8276896551724
25.0,-25.0,11,222.38468965517245
25.0,-20.0,11,213.5821379310345
25.0,-15.0,11,208.3673448275862
30.0,-80.0,11,193.87217241379312
30.0,-75.0,11,208.8770344827586
30.0,-70.0,11,207.90055172413793
30.0,-65.0,11,211.5563103448276
30.0,-60.0,11,211.43158620689658
30.0,-55.0,11,213.44703448275865
30.0,-50.0,11,211.14203448275865
30.0,-45.0,11,215.67996551724133
30.0,-40.0,11,218.95020689655175
30.0,-35.0,11,218.31120689655174
30.0,-30.0,11,214.46779310344826
30.0,-25.0,11,221.7253448275862
30.0,-20.0,11,223.09765517241382
30.0,-15.0,11,218.4654827586207
30.0,-10.0,11,221.148724137931
-15.0,-100.0,12,169.95803448275862
-15.0,-95.0,12,159.5711034482759
-15.0,-90.0,12,136.42372413793103
-15.0,-85.0,12,133.10803448275865
-15.0,-80.0,12,72.94593103448275
-15.0,-35.0,12,207.28076000000001
-15.0,-30.0,12,193.58613793103453
-15.0,-25.0,12,190.48337931034482
-15.0,-15.0,12,192.40991666666665
-15.0,-5.0,12,152.94788888888888
-10.0,-100.0,12,123.50782758620686
-10.0,-95.0,12,122.71748275862068
-10.0,-90.0,12,112.20710344827587
-10.0,-85.0,12,83.3118275862069
-10.0,-80.0,12,54.06879310344827
-10.0,-35.0,12,186.6625172413793
-10.0,-30.0,12,182.13020689655175
-10.0,-25.0,12,176.6768965517241
-10.0,-15.0,12,173.03471428571427
-10.0,-5.0,12,149.44752
-5.0,-100.0,12,110.74562068965517
-5.0,-95.0,12,112.24386206896551
-5.0,-90.0,12,127.87189655172413
-5.0,-85.0,12,107.80706896551725
-5.0,-40.0,12,178.2293793103448
-5.0,-35.0,12,177.07758620689657
-5.0,-30.0,12,177.91034482758621
-5.0,-25.0,12,163.70051724137932
-5.0,-20.0,12,169.972
-5.0,-15.0,12,126.6476875
-5.0,-10.0,12,143.50196428571428
-5.0,-5.0,12,155.52537931034485
0.0,-100.0,12,107.98331034482757
0.0,-95.0,12,109.23579310344829
0.0,-90.0,12,110.047
0.0,-85.0,12,133.57886206896552
0.0,-80.0,12,132.81922222222224
0.0,-45.0,12,194.56679310344828
0.0,-40.0,12,189.91948275862072
0.0,-35.0,12,177.18882758620686
0.0,-30.0,12,171.67013793103453
0.0,-25.0,12,162.2846896551724
0.0,-20.0,12,165.8584137931035
0.0,-15.0,12,141.34055172413792
0.0,-10.0,12,126.29385714285715
0.0,-5.0,12,148.63937931034482
5.0,-100.0,12,66.02741379310345
5.0,-95.0,12,79.0933103448276
5.0,-90.0,12,61.48772413793105
5.0,-80.0,12,129.05644827586207
5.0,-60.0,12,164.13451724137934
5.0,-55.0,12,178.19193103448276
5.0,-50.0,12,168.66348275862066
5.0,-45.0,12,164.65037931034482
5.0,-40.0,12,167.0273103448276
5.0,-35.0,12,166.21613793103452
5.0,-30.0,12,159.8553448275862
5.0,-25.0,12,140.17010344827585
5.0,-20.0,12,119.26331034482759
5.0,-15.0,12,120.75882758620689
10.0,-100.0,12,67.85589655172413
10.0,-95.0,12,77.3611724137931
10.0,-90.0,12,50.64191666666667
10.0,-80.0,12,177.28503448275865
10.0,-75.0,12,175.43779310344823
10.0,-70.0,12,155.73996428571428
10.0,-65.0,12,177.50375862068967
10.0,-60.0,12,182.27217241379313
10.0,-55.0,12,181.52879310344824
10.0,-50.0,12,180.34082758620693
10.0,-45.0,12,162.02568965517244
10.0,-35.0,12,140.32524137931034
10.0,-30.0,12,141.0523793103448
10.0,-25.0,12,113.45441379310344
10.0,-20.0,12,107.30872413793105
15.0,-100.0,12,158.92509523809525
15.0,-85.0,12,190.36239285714285
15.0,-80.0,12,187.31606896551727
15.0,-75.0,12,204.73142857142855
15.0,-70.0,12,195.61313793103452
15.0,-65.0,12,191.99265517241375
15.0,-60.0,12,193.9433448275862
15.0,-55.0,12,193.96010344827582
15.0,-50.0,12,194.11644827586213
15.0,-45.0,12,197.12500000000003
15.0,-40.0,12,194.8998275862069
15.0,-35.0,12,177.96886206896554
15.0,-30.0,12,171.79093103448275
15.0,-25.0,12,150.7289655172414
15.0,-20.0,12,105.72324137931034
20.0,-95.0,12,177.5789310344828
20.0,-85.0,12,188.82686206896554
20.0,-80.0,12,190.4787586206897
20.0,-75.0,12,202.10065517241378
20.0,-70.0,12,202.35489655172412
20.0,-65.0,12,203.80493103448276
20.0,-60.0,12,203.96517241379308
20.0,-55.0,12,203.48672413793102
20.0,-45.0,12,205.58879310344824
20.0,-40.0,12,201.7953448275862
20.0,-35.0,12,194.25600000000003
20.0,-30.0,12,186.63458620689656
20.0,-25.0,12,188.45013793103448
20.0,-20.0,12,146.37965517241383
25.0,-95.0,12,179.0595172413793
25.0,-90.0,12,181.35693103448276
25.0,-85.0,12,227.30433333333335
25.0,-80.0,12,193.15972413793105
25.0,-75.0,12,204.11689655172418
25.0,-70.0,12,207.4212758620689
25.0,-65.0,12,207.5136551724138
25.0,-60.0,12,209.2331379310345
25.0,-55.0,12,208.91781481481482
25.0,-50.0,12,208.79374074074076
25.0,-45.0,12,209.18262068965518
25.0,-40.0,12,210.57604000000003
25.0,-35.0,12,213.20731034482762
25.0,-30.0,12,218.78868965517245
25.0,-25.0,12,219.9090344827586
25.0,-20.0,12,216.0434827586207
25.0,-15.0,12,208.2443793103448
30.0,-80.0,12,197.90393103448275
30.0,-75.0,12,211.92641379310345
30.0,-70.0,12,213.24324137931038
30.0,-65.0,12,212.97624137931032
30.0,-60.0,12,216.18307407407406
30.0,-55.0,12,215.27089655172412
30.0,-50.0,12,216.1595172413793
30.0,-45.0,12,214.35820689655174
30.0,-35.0,12,216.77068965517236
30.0,-30.0,12,218.16237931034485
30.0,-25.0,12,221.70148275862067
30.0,-20.0,12,225.01731034482756
30.0,-15.0,12,226.33579310344828
30.0,-10.0,12,221.78225
