lat,lon,month,phosphate
-15.0,-90.0,1,1.2324642857142858
-15.0,-85.0,1,1.7615357142857142
-15.0,-80.0,1,1.9872727272727273
-15.0,-35.0,1,0.20321428571428574
-15.0,-30.0,1,0.3819655172413794
-15.0,-25.0,1,0.3700769230769231
-15.0,-15.0,1,0.5115172413793103
-15.0,-10.0,1,0.638655172413793
-15.0,-5.0,1,0.8712068965517241
-10.0,-90.0,1,1.4319655172413794
-10.0,-85.0,1,1.524689655172414
-10.0,-80.0,1,0.964
-10.0,-35.0,1,0.3589642857142857
-10.0,-30.0,1,0.5326896551724138
-10.0,-15.0,1,0.6659285714285715
-10.0,-10.0,1,0.8167142857142858
-10.0,-5.0,1,0.8638214285714287
-5.0,-100.0,1,1.4560370370370368
-5.0,-90.0,1,1.09745
-5.0,-85.0,1,0.6304545454545455
-5.0,-40.0,1,0.39513793103448275
-5.0,-35.0,1,0.47558620689655173
-5.0,-30.0,1,0.46948275862068967
-5.0,-25.0,1,0.41832
-5.0,-20.0,1,0.6290344827586206
-5.0,-15.0,1,0.7101724137931034
-5.0,-10.0,1,0.8250689655172414
-5.0,-5.0,1,0.8792068965517242
0.0,-100.0,1,1.2852068965517243
0.0,-50.0,1,0.4377931034482759
0.0,-45.0,1,0.4396206896551724
0.0,-40.0,1,0.5444137931034482
0.0,-35.0,1,0.45948275862068966
0.0,-30.0,1,0.6135185185185186
0.0,-25.0,1,0.781241379310345
0.0,-20.0,1,0.718925925925926
0.0,-15.0,1,0.7404827586206897
0.0,-10.0,1,0.8626206896551724
0.0,-5.0,1,0.8708275862068965
5.0,-100.0,1,1.5356206896551727
5.0,-90.0,1,2.0174285714285713
5.0,-80.0,1,1.8490344827586207
5.0,-60.0,1,0.2780714285714286
5.0,-55.0,1,0.41444827586206895
5.0,-50.0,1,0.7045862068965517
5.0,-45.0,1,0.5149655172413793
5.0,-40.0,1,0.7839655172413793
5.0,-35.0,1,0.6387931034482759
5.0,-30.0,1,0.38484
5.0,-25.0,1,0.9078275862068965
5.0,-20.0,1,1.0058275862068966
5.0,-15.0,1,0.2952222222222222
10.0,-100.0,1,1.579448275862069
10.0,-70.0,1,0.31095833333333334
10.0,-65.0,1,0.37003571428571425
10.0,-60.0,1,0.2716896551724138
10.0,-55.0,1,0.3925172413793103
10.0,-50.0,1,0.40850000000000003
10.0,-45.0,1,0.5477000000000001
10.0,-40.0,1,0.7243478260869566
10.0,-35.0,1,0.647142857142857
10.0,-30.0,1,0.6211481481481482
10.0,-25.0,1,0.888
10.0,-20.0,1,1.2005172413793104
15.0,-100.0,1,1.4915862068965517
15.0,-70.0,1,0.10244827586206896
15.0,-65.0,1,0.14
15.0,-55.0,1,0.2923103448275862
15.0,-40.0,1,0.2994444444444444
15.0,-35.0,1,0.3825384615384616
15.0,-30.0,1,0.09316666666666668
15.0,-25.0,1,0.80324
15.0,-20.0,1,1.2963793103448276
20.0,-95.0,1,0.29381481481481486
20.0,-90.0,1,0.23520689655172414
20.0,-80.0,1,0.14300000000000002
20.0,-65.0,1,0.12051999999999997
20.0,-60.0,1,0.1885
20.0,-40.0,1,0.18445454545454545
20.0,-35.0,1,0.09474074074074074
20.0,-30.0,1,0.14213793103448275
20.0,-25.0,1,0.374103448275862
20.0,-20.0,1,0.8967241379310344
25.0,-95.0,1,0.4058214285714286
25.0,-90.0,1,0.5111578947368421
25.0,-85.0,1,0.4069090909090909
25.0,-80.0,1,0.15813793103448273
25.0,-70.0,1,0.033666666666666664
25.0,-35.0,1,0.12224137931034484
25.0,-30.0,1,0.11806896551724136
25.0,-25.0,1,0.08275862068965519
25.0,-20.0,1,0.18448275862068966
25.0,-15.0,1,0.28027586206896554
30.0,-80.0,1,0.2957407407407407
30.0,-70.0,1,0.1380769230769231
30.0,-65.0,1,0.041100000000000005
30.0,-60.0,1,0.16710344827586207
30.0,-55.0,1,0.08927586206896551
30.0,-50.0,1,0.09162068965517242
30.0,-45.0,1,0.17703571428571432
30.0,-40.0,1,0.12317241379310344
30.0,-35.0,1,0.12517241379310345
30.0,-30.0,1,0.1216551724137931
30.0,-25.0,1,0.18179310344827587
30.0,-20.0,1,0.15624137931034485
30.0,-15.0,1,0.1932962962962963
30.0,-10.0,1,0.12882758620689655
-15.0,-100.0,2,1.0641724137931035
-15.0,-95.0,2,1.2164827586206897
-15.0,-90.0,2,1.4090689655172413
-15.0,-85.0,2,1.661137931034483
-15.0,-80.0,2,2.0288620689655175
-15.0,-40.0,2,0.21558620689655175
-15.0,-35.0,2,0.263
-15.0,-30.0,2,0.317896551724138
-15.0,-25.0,2,0.31841379310344825
-10.0,-100.0,2,1.4556551724137934
-10.0,-95.0,2,1.3988275862068966
-10.0,-90.0,2,1.7777931034482757
-10.0,-85.0,2,2.0070344827586206
-10.0,-80.0,2,2.197379310344828
-10.0,-35.0,2,0.4190714285714286
-10.0,-30.0,2,0.4923448275862069
-10.0,-15.0,2,0.5946666666666667
-10.0,-10.0,2,0.7546071428571428
-10.0,-5.0,2,0.9312758620689656
-5.0,-100.0,2,1.3548620689655173
-5.0,-95.0,2,1.3725862068965518
-5.0,-90.0,2,1.7539310344827588
-5.0,-85.0,2,1.664068965517241
-5.0,-40.0,2,0.262625
-5.0,-35.0,2,0.37840740740740747
-5.0,-30.0,2,0.6882758620689654
-5.0,-20.0,2,0.6421304347826088
-5.0,-15.0,2,0.6794074074074075
-5.0,-10.0,2,0.7670689655172412
-5.0,-5.0,2,0.8019655172413792
0.0,-100.0,2,1.261310344827586
0.0,-95.0,2,1.286448275862069
0.0,-90.0,2,1.459
0.0,-85.0,2,1.4279310344827587
0.0,-80.0,2,1.3561034482758623
0.0,-50.0,2,0.4782758620689655
0.0,-40.0,2,0.36164
0.0,-35.0,2,0.5414137931034483
0.0,-30.0,2,0.7014827586206898
0.0,-25.0,2,0.6543478260869565
0.0,-20.0,2,0.6571818181818182
0.0,-15.0,2,1.0271785714285715
0.0,-10.0,2,0.6045217391304347
0.0,-5.0,2,0.7799259259259259
5.0,-100.0,2,1.5523103448275861
5.0,-95.0,2,1.6212758620689653
5.0,-90.0,2,1.7330344827586206
5.0,-85.0,2,1.432655172413793
5.0,-80.0,2,1.9841034482758622
5.0,-60.0,2,0.45134482758620686
5.0,-55.0,2,0.41158620689655173
5.0,-50.0,2,0.5963103448275862
5.0,-45.0,2,0.49458620689655175
5.0,-40.0,2,0.569896551724138
5.0,-35.0,2,0.6345862068965517
5.0,-30.0,2,0.7148620689655171
5.0,-25.0,2,0.9378620689655174
5.0,-20.0,2,1.120758620689655
5.0,-15.0,2,1.0704285714285713
10.0,-100.0,2,1.3134482758620691
10.0,-95.0,2,1.8862499999999998
10.0,-90.0,2,1.730310344827586
10.0,-80.0,2,0.12053846153846154
10.0,-70.0,2,0.2944137931034483
10.0,-65.0,2,0.3864827586206897
10.0,-60.0,2,0.32220689655172413
10.0,-55.0,2,0.34107407407407414
10.0,-50.0,2,0.6032758620689656
10.0,-45.0,2,0.5235172413793103
10.0,-40.0,2,0.041857142857142864
10.0,-35.0,2,0.6263448275862069
10.0,-25.0,2,1.0167931034482758
10.0,-20.0,2,1.2970689655172416
15.0,-100.0,2,1.9410689655172415
15.0,-85.0,2,0.1183103448275862
15.0,-80.0,2,0.14227586206896553
15.0,-75.0,2,0.06682758620689656
15.0,-70.0,2,0.10306896551724137
15.0,-65.0,2,0.17358620689655171
15.0,-60.0,2,0.104
15.0,-55.0,2,0.1672
15.0,-50.0,2,0.5107727272727273
15.0,-40.0,2,0.06481818181818182
15.0,-30.0,2,0.697925925925926
15.0,-25.0,2,0.7468620689655173
15.0,-20.0,2,1.2209999999999999
20.0,-95.0,2,0.25184
20.0,-90.0,2,0.19282758620689658
20.0,-85.0,2,0.20989655172413796
20.0,-80.0,2,0.10824137931034483
20.0,-75.0,2,0.07472413793103448
20.0,-70.0,2,0.05389655172413794
20.0,-65.0,2,0.03982758620689655
20.0,-60.0,2,0.03641379310344828
20.0,-55.0,2,0.04337931034482759
20.0,-50.0,2,0.04427586206896552
20.0,-45.0,2,0.4657619047619047
20.0,-40.0,2,0.08
20.0,-35.0,2,0.05455555555555555
20.0,-30.0,2,0.13375
20.0,-25.0,2,0.15470833333333334
20.0,-20.0,2,0.7174137931034482
25.0,-95.0,2,0.5219310344827586
25.0,-90.0,2,3.434
25.0,-85.0,2,0.56732
25.0,-80.0,2,0.04313793103448276
25.0,-75.0,2,0.027655172413793106
25.0,-70.0,2,0.05800000000000001
25.0,-40.0,2,0.0952
25.0,-35.0,2,0.09595238095238096
25.0,-30.0,2,0.165875
25.0,-25.0,2,0.16006896551724142
25.0,-20.0,2,0.1872758620689655
25.0,-15.0,2,0.25834482758620686
30.0,-80.0,2,0.4355172413793103
30.0,-75.0,2,0.23134615384615387
30.0,-65.0,2,0.03345
30.0,-50.0,2,0.04085714285714286
30.0,-40.0,2,0.09100000000000001
30.0,-35.0,2,0.11496551724137932
30.0,-30.0,2,0.08913793103448275
30.0,-25.0,2,0.20411111111111113
30.0,-20.0,2,0.13353571428571429
30.0,-15.0,2,0.18344827586206897
30.0,-10.0,2,0.2537586206896552
-15.0,-100.0,3,1.1475384615384614
-15.0,-95.0,3,0.9178620689655171
-15.0,-90.0,3,1.3477931034482757
-15.0,-85.0,3,1.4156551724137931
-15.0,-80.0,3,1.9374827586206895
-15.0,-40.0,3,0.3443529411764706
-15.0,-35.0,3,0.38585714285714284
-15.0,-30.0,3,0.3648275862068965
-15.0,-25.0,3,0.3792068965517241
-15.0,-20.0,3,1.095875
-15.0,-15.0,3,0.9146363636363636
-15.0,-10.0,3,1.2238
-15.0,-5.0,3,0.9740344827586206
-10.0,-100.0,3,1.3056896551724138
-10.0,-90.0,3,1.6894482758620692
-10.0,-85.0,3,1.7597241379310347
-10.0,-80.0,3,2.082379310344828
-10.0,-35.0,3,0.3081034482758621
-10.0,-30.0,3,0.40103448275862064
-10.0,-25.0,3,0.4766896551724138
-10.0,-15.0,3,0.5644074074074074
-10.0,-10.0,3,0.6956785714285714
-5.0,-100.0,3,1.5660344827586206
-5.0,-95.0,3,1.5352758620689655
-5.0,-90.0,3,1.3364827586206895
-5.0,-85.0,3,1.4684482758620692
-5.0,-45.0,3,0.32982758620689656
-5.0,-35.0,3,0.6406071428571428
-5.0,-30.0,3,0.6295357142857144
-5.0,-25.0,3,0.5903703703703703
-5.0,-20.0,3,0.5911071428571428
-5.0,-15.0,3,0.6291153846153846
-5.0,-10.0,3,0.8652592592592593
-5.0,-5.0,3,0.8646896551724138
0.0,-100.0,3,1.5172413793103448
0.0,-95.0,3,1.369551724137931
0.0,-90.0,3,1.3568965517241378
0.0,-85.0,3,1.3875517241379312
0.0,-80.0,3,1.49675
0.0,-50.0,3,0.38458620689655176
0.0,-45.0,3,0.3625925925925926
0.0,-40.0,3,0.5835172413793104
0.0,-35.0,3,0.5942758620689655
0.0,-30.0,3,0.6796428571428571
0.0,-25.0,3,0.69256
0.0,-20.0,3,1.0068333333333332
0.0,-15.0,3,0.7126551724137932
0.0,-10.0,3,0.6266521739130434
0.0,-5.0,3,0.7736896551724137
5.0,-100.0,3,1.4077586206896553
5.0,-95.0,3,1.3299310344827586
5.0,-90.0,3,1.5690344827586205
5.0,-85.0,3,1.686310344827586
5.0,-80.0,3,1.5688928571428573
5.0,-55.0,3,0.41941379310344823
5.0,-50.0,3,0.5414137931034483
5.0,-45.0,3,0.4166296296296296
5.0,-30.0,3,0.8328928571428572
5.0,-25.0,3,0.8912068965517241
5.0,-20.0,3,0.9910740740740741
5.0,-15.0,3,1.0487407407407408
10.0,-100.0,3,1.4956206896551723
10.0,-95.0,3,1.6009310344827585
10.0,-90.0,3,1.6522758620689655
10.0,-80.0,3,0.11125
10.0,-75.0,3,0.13228571428571428
10.0,-70.0,3,0.07008333333333333
10.0,-65.0,3,0.343551724137931
10.0,-60.0,3,0.23103448275862065
10.0,-55.0,3,0.24962068965517242
10.0,-50.0,3,0.43010344827586205
10.0,-45.0,3,0.394344827586207
10.0,-40.0,3,0.6206896551724138
10.0,-35.0,3,0.7014285714285714
10.0,-30.0,3,0.8116428571428571
10.0,-25.0,3,1.0600344827586208
10.0,-20.0,3,1.284655172413793
15.0,-100.0,3,1.6490689655172412
15.0,-85.0,3,0.047181818181818186
15.0,-80.0,3,0.09292857142857144
15.0,-75.0,3,0.05633333333333334
15.0,-70.0,3,0.07625
15.0,-65.0,3,0.1076551724137931
15.0,-60.0,3,0.19042857142857145
15.0,-35.0,3,0.4234827586206897
15.0,-25.0,3,0.6717931034482757
15.0,-20.0,3,1.3701724137931035
20.0,-95.0,3,0.23389655172413787
20.0,-90.0,3,0.2049310344827586
20.0,-85.0,3,0.20068965517241377
20.0,-80.0,3,0.053
20.0,-75.0,3,0.10158620689655173
20.0,-70.0,3,0.04878571428571428
20.0,-65.0,3,0.17742857142857144
20.0,-25.0,3,0.5499200000000001
20.0,-20.0,3,0.7324482758620691
25.0,-95.0,3,0.5252413793103448
25.0,-90.0,3,0.4744999999999999
25.0,-85.0,3,0.34606896551724137
25.0,-80.0,3,0.1680689655172414
25.0,-75.0,3,0.07610526315789473
25.0,-65.0,3,0.11671428571428573
25.0,-55.0,3,0.018344827586206897
25.0,-40.0,3,0.267
25.0,-35.0,3,0.10813793103448274
25.0,-30.0,3,0.051034482758620686
25.0,-25.0,3,0.23574999999999996
25.0,-20.0,3,0.24934482758620694
25.0,-15.0,3,0.3647931034482758
30.0,-80.0,3,0.21444827586206894
30.0,-70.0,3,0.0736
30.0,-65.0,3,0.025551724137931033
30.0,-60.0,3,0.07763157894736841
30.0,-55.0,3,0.018310344827586207
30.0,-50.0,3,0.046592592592592595
30.0,-40.0,3,0.0573
30.0,-30.0,3,0.22757142857142856
30.0,-25.0,3,0.28467857142857145
30.0,-10.0,3,0.1947307692307692
-15.0,-100.0,4,1.327125
-15.0,-95.0,4,1.3571034482758622
-15.0,-90.0,4,1.3648965517241378
-15.0,-85.0,4,1.4207586206896554
-15.0,-80.0,4,1.980793103448276
-15.0,-40.0,4,0.2890769230769231
-15.0,-35.0,4,0.27129411764705885
-15.0,-30.0,4,0.4259655172413794
-15.0,-25.0,4,0.3838214285714286
-15.0,-20.0,4,0.4760689655172414
-15.0,-5.0,4,0.7323214285714285
-10.0,-100.0,4,1.5896206896551723
-10.0,-95.0,4,1.2987586206896553
-10.0,-90.0,4,1.8210344827586205
-10.0,-85.0,4,1.654931034482759
-10.0,-80.0,4,1.7025652173913044
-10.0,-35.0,4,0.39313793103448275
-10.0,-30.0,4,0.600793103448276
-10.0,-25.0,4,0.5131724137931034
-10.0,-20.0,4,0.5707931034482757
-10.0,-15.0,4,0.7817586206896552
-10.0,-10.0,4,0.8166896551724139
-10.0,-5.0,4,0.9249655172413793
-5.0,-100.0,4,1.4281379310344828
-5.0,-95.0,4,1.385655172413793
-5.0,-90.0,4,1.5811379310344829
-5.0,-85.0,4,1.487448275862069
-5.0,-45.0,4,0.3953793103448275
-5.0,-40.0,4,0.49096551724137927
-5.0,-35.0,4,0.48155172413793096
-5.0,-30.0,4,0.6544827586206897
-5.0,-25.0,4,0.6514137931034483
-5.0,-20.0,4,0.7468965517241379
-5.0,-10.0,4,0.7996206896551724
-5.0,-5.0,4,0.8802068965517242
0.0,-100.0,4,1.359655172413793
0.0,-95.0,4,1.3416896551724138
0.0,-90.0,4,1.3219655172413791
0.0,-80.0,4,1.0156
0.0,-45.0,4,0.3663103448275862
0.0,-40.0,4,0.5652758620689655
0.0,-35.0,4,0.47679310344827586
0.0,-30.0,4,0.5779655172413792
0.0,-25.0,4,0.7137586206896552
0.0,-20.0,4,0.8382068965517241
0.0,-15.0,4,0.7678461538461538
0.0,-10.0,4,0.689
0.0,-5.0,4,0.8744137931034481
5.0,-100.0,4,1.4775172413793105
5.0,-95.0,4,1.681551724137931
5.0,-90.0,4,1.4808620689655172
5.0,-85.0,4,0.30317241379310345
5.0,-80.0,4,0.36927586206896557
5.0,-60.0,4,0.2777241379310345
5.0,-55.0,4,0.3869655172413793
5.0,-50.0,4,0.464551724137931
5.0,-45.0,4,0.4127586206896552
5.0,-40.0,4,0.5191379310344828
5.0,-35.0,4,0.4577142857142858
5.0,-30.0,4,0.8937857142857144
5.0,-25.0,4,0.8588275862068966
5.0,-20.0,4,1.068241379310345
5.0,-15.0,4,0.8075
10.0,-100.0,4,1.4435
10.0,-95.0,4,1.560862068965517
10.0,-85.0,4,0.33958620689655167
10.0,-80.0,4,0.23042857142857145
10.0,-70.0,4,0.21086206896551724
10.0,-65.0,4,0.4194827586206896
10.0,-60.0,4,0.19078571428571428
10.0,-55.0,4,0.2552068965517241
10.0,-35.0,4,0.618206896551724
10.0,-30.0,4,0.6800689655172413
10.0,-25.0,4,0.9903448275862069
10.0,-20.0,4,1.3219655172413791
15.0,-100.0,4,1.5005172413793104
15.0,-90.0,4,0.18129166666666666
15.0,-85.0,4,0.14495833333333333
15.0,-80.0,4,0.14520689655172414
15.0,-70.0,4,0.08131034482758621
15.0,-65.0,4,0.06786206896551725
15.0,-60.0,4,0.10396296296296298
15.0,-55.0,4,0.10175862068965519
15.0,-35.0,4,0.3222758620689655
15.0,-30.0,4,0.40868965517241373
15.0,-20.0,4,1.5201379310344827
20.0,-95.0,4,0.20378571428571426
20.0,-90.0,4,0.1738888888888889
20.0,-85.0,4,0.27875862068965523
20.0,-80.0,4,0.22993103448275862
20.0,-75.0,4,0.0398888888888889
20.0,-70.0,4,0.03537931034482759
20.0,-65.0,4,0.037
20.0,-60.0,4,0.02736842105263158
20.0,-55.0,4,0.03941379310344827
20.0,-50.0,4,0.03145
20.0,-45.0,4,0.034619047619047626
20.0,-40.0,4,0.03421052631578947
20.0,-35.0,4,0.16379310344827583
20.0,-30.0,4,0.17196551724137932
20.0,-25.0,4,0.3004137931034483
20.0,-20.0,4,0.6446896551724138
25.0,-95.0,4,0.40751724137931034
25.0,-90.0,4,0.29165517241379313
25.0,-85.0,4,0.3249259259259259
25.0,-80.0,4,0.05089655172413793
25.0,-75.0,4,0.035800000000000005
25.0,-70.0,4,0.045034482758620695
25.0,-65.0,4,0.06952173913043479
25.0,-55.0,4,0.023344827586206898
25.0,-35.0,4,0.11359259259259259
25.0,-30.0,4,0.12472413793103448
25.0,-25.0,4,0.16179310344827585
25.0,-20.0,4,0.2320689655172414
25.0,-15.0,4,0.41770833333333335
30.0,-80.0,4,0.34006896551724136
30.0,-75.0,4,0.06164
30.0,-70.0,4,0.0619
30.0,-65.0,4,0.03589655172413793
30.0,-35.0,4,0.062481481481481485
30.0,-30.0,4,0.1521785714285714
30.0,-25.0,4,0.11055172413793102
30.0,-20.0,4,0.1283076923076923
30.0,-15.0,4,0.2629642857142857
30.0,-10.0,4,0.31560714285714286
-15.0,-90.0,5,1.4276551724137931
-15.0,-85.0,5,1.594655172413793
-15.0,-80.0,5,2.0775862068965516
-15.0,-40.0,5,0.25579999999999997
-15.0,-5.0,5,0.0
-10.0,-90.0,5,1.6162068965517242
-10.0,-85.0,5,1.6850344827586208
-10.0,-80.0,5,1.8716190476190477
-10.0,-35.0,5,0.4135172413793104
-10.0,-30.0,5,0.4833793103448276
-10.0,-5.0,5,0.8620357142857141
-5.0,-95.0,5,1.4261379310344826
-5.0,-90.0,5,1.4459310344827587
-5.0,-85.0,5,1.5180344827586207
-5.0,-40.0,5,0.2635925925925926
-5.0,-35.0,5,0.5871034482758621
-5.0,-30.0,5,0.635551724137931
-5.0,-15.0,5,0.611448275862069
-5.0,-10.0,5,0.7774827586206898
0.0,-100.0,5,1.3290689655172414
0.0,-95.0,5,1.0517586206896554
0.0,-90.0,5,1.4955172413793103
0.0,-85.0,5,1.266896551724138
0.0,-80.0,5,1.2051724137931032
0.0,-50.0,5,0.33804
0.0,-45.0,5,0.3736428571428571
0.0,-35.0,5,0.7108620689655172
0.0,-30.0,5,0.2119090909090909
0.0,-25.0,5,0.6477586206896552
0.0,-20.0,5,0.7452500000000001
0.0,-15.0,5,0.8094137931034481
0.0,-10.0,5,0.7454482758620691
5.0,-100.0,5,1.3591724137931036
5.0,-95.0,5,1.8505862068965517
5.0,-90.0,5,1.8837931034482758
5.0,-85.0,5,1.1977857142857142
5.0,-80.0,5,1.312551724137931
5.0,-55.0,5,0.49809523809523804
5.0,-50.0,5,0.025375
5.0,-45.0,5,0.40087500000000004
5.0,-35.0,5,0.6718620689655171
5.0,-30.0,5,0.7522758620689655
5.0,-25.0,5,0.8464827586206896
5.0,-20.0,5,1.1450689655172415
5.0,-15.0,5,0.9235862068965517
10.0,-100.0,5,1.2367586206896553
10.0,-75.0,5,0.242
10.0,-70.0,5,0.236
10.0,-65.0,5,0.6453793103448278
10.0,-60.0,5,0.19703571428571426
10.0,-55.0,5,0.2555925925925926
10.0,-50.0,5,0.2942857142857143
10.0,-40.0,5,1.1546153846153846
10.0,-35.0,5,0.6082068965517241
10.0,-30.0,5,0.645896551724138
10.0,-25.0,5,1.2282758620689653
10.0,-20.0,5,1.2434137931034481
15.0,-100.0,5,1.7434999999999998
15.0,-90.0,5,0.32182758620689655
15.0,-80.0,5,0.14541379310344826
15.0,-75.0,5,0.16410344827586204
15.0,-70.0,5,0.08744827586206895
15.0,-60.0,5,0.16511111111111113
15.0,-55.0,5,0.11658620689655173
15.0,-35.0,5,0.3858965517241379
15.0,-30.0,5,0.2816666666666667
15.0,-20.0,5,1.369586206896552
20.0,-95.0,5,0.20018518518518516
20.0,-90.0,5,0.23127586206896555
20.0,-85.0,5,0.29727586206896545
20.0,-80.0,5,0.2638333333333333
20.0,-70.0,5,0.01203448275862069
20.0,-65.0,5,0.08033333333333334
20.0,-55.0,5,0.04348275862068966
20.0,-35.0,5,0.06040740740740741
20.0,-30.0,5,0.06973684210526315
20.0,-25.0,5,0.13440000000000002
20.0,-20.0,5,0.6443793103448276
25.0,-95.0,5,0.4446206896551724
25.0,-90.0,5,0.30379310344827587
25.0,-85.0,5,0.5129655172413794
25.0,-80.0,5,0.13713793103448277
25.0,-70.0,5,0.007413793103448276
25.0,-65.0,5,0.006047619047619047
25.0,-60.0,5,0.04492
25.0,-55.0,5,0.07371428571428572
25.0,-35.0,5,0.09296551724137932
25.0,-30.0,5,0.13720689655172413
25.0,-25.0,5,0.11258620689655173
25.0,-20.0,5,0.19713793103448277
25.0,-15.0,5,0.26941379310344826
30.0,-80.0,5,0.23972413793103448
30.0,-75.0,5,0.12833333333333333
30.0,-70.0,5,0.021551724137931036
30.0,-65.0,5,0.025888888888888892
30.0,-60.0,5,0.1008
30.0,-55.0,5,0.048034482758620684
30.0,-50.0,5,0.05276190476190477
30.0,-45.0,5,0.07666666666666666
30.0,-40.0,5,0.1330416666666667
30.0,-35.0,5,0.1898965517241379
30.0,-30.0,5,0.18368965517241376
30.0,-25.0,5,0.1347857142857143
30.0,-20.0,5,0.19403448275862067
30.0,-15.0,5,0.19958620689655174
-15.0,-85.0,6,1.4575172413793103
-15.0,-80.0,6,1.9354827586206897
-15.0,-30.0,6,0.5132413793103449
-10.0,-85.0,6,1.6897777777777778
-10.0,-80.0,6,1.7248846153846153
-10.0,-30.0,6,0.4420357142857143
-10.0,-25.0,6,0.4904827586206897
-5.0,-85.0,6,1.5273461538461541
-5.0,-40.0,6,0.525448275862069
-5.0,-35.0,6,0.5779655172413792
-5.0,-30.0,6,0.6193448275862068
-5.0,-25.0,6,0.7159310344827586
-5.0,-20.0,6,0.7417407407407408
-5.0,-15.0,6,0.8561153846153846
-5.0,-10.0,6,0.6665172413793102
-5.0,-5.0,6,0.7448965517241379
0.0,-35.0,6,0.5928965517241379
0.0,-30.0,6,0.8734999999999999
0.0,-25.0,6,0.6261724137931034
0.0,-20.0,6,0.7685862068965518
0.0,-15.0,6,0.901551724137931
0.0,-10.0,6,0.7184137931034482
0.0,-5.0,6,0.6753103448275861
5.0,-80.0,6,1.0947142857142858
5.0,-60.0,6,0.17600000000000002
5.0,-55.0,6,0.4413103448275862
5.0,-50.0,6,0.3751481481481481
5.0,-45.0,6,0.5202068965517241
5.0,-40.0,6,0.5598965517241379
5.0,-35.0,6,0.6674137931034483
5.0,-30.0,6,0.716448275862069
5.0,-25.0,6,0.8335862068965517
5.0,-20.0,6,0.48585185185185187
10.0,-80.0,6,0.2113448275862069
10.0,-70.0,6,0.1896206896551724
10.0,-65.0,6,0.34631034482758616
10.0,-60.0,6,0.22006896551724137
10.0,-55.0,6,0.26637037037037037
10.0,-35.0,6,0.67825
10.0,-30.0,6,0.9256896551724139
10.0,-25.0,6,1.022103448275862
10.0,-20.0,6,1.1071379310344827
15.0,-85.0,6,0.1306206896551724
15.0,-80.0,6,0.0950344827586207
15.0,-75.0,6,0.08875862068965516
15.0,-70.0,6,0.10320689655172413
15.0,-65.0,6,0.10041379310344828
15.0,-60.0,6,0.15317857142857141
15.0,-35.0,6,0.3333793103448276
15.0,-25.0,6,0.6573103448275861
15.0,-20.0,6,1.4239999999999997
20.0,-90.0,6,0.1539310344827586
20.0,-85.0,6,0.36020689655172405
20.0,-80.0,6,0.09134482758620688
20.0,-35.0,6,0.06458620689655173
20.0,-30.0,6,0.19131034482758622
20.0,-25.0,6,0.1907407407407407
20.0,-20.0,6,0.6549310344827587
25.0,-95.0,6,0.39148275862068965
25.0,-90.0,6,0.3417241379310345
25.0,-85.0,6,0.10266666666666667
25.0,-80.0,6,0.09427586206896552
25.0,-70.0,6,0.024555555555555556
25.0,-35.0,6,0.15482758620689652
25.0,-30.0,6,0.12779310344827585
25.0,-25.0,6,0.2948
25.0,-20.0,6,0.20720689655172414
25.0,-15.0,6,0.35625000000000007
30.0,-80.0,6,0.06223529411764706
30.0,-70.0,6,0.042434782608695654
30.0,-65.0,6,0.03094736842105263
30.0,-60.0,6,0.2605
30.0,-50.0,6,0.2306315789473684
30.0,-35.0,6,0.1646206896551724
30.0,-30.0,6,0.11996551724137934
30.0,-25.0,6,0.08470370370370371
30.0,-20.0,6,0.025
30.0,-15.0,6,0.31787999999999994
30.0,-10.0,6,0.36439285714285713
-15.0,-95.0,7,0.8898095238095238
-15.0,-90.0,7,1.3110000000000002
-15.0,-85.0,7,1.7293793103448278
-15.0,-80.0,7,1.9212758620689652
-15.0,-5.0,7,0.8446071428571429
-10.0,-95.0,7,1.3280434782608697
-10.0,-90.0,7,1.6270833333333334
-10.0,-85.0,7,1.5687931034482758
-10.0,-80.0,7,1.5025769230769228
-10.0,-30.0,7,0.6779615384615384
-10.0,-25.0,7,0.5053103448275862
-10.0,-5.0,7,0.9156206896551724
-5.0,-100.0,7,1.6055862068965516
-5.0,-90.0,7,1.4505000000000001
-5.0,-85.0,7,1.2775862068965516
-5.0,-45.0,7,0.48720689655172417
-5.0,-40.0,7,0.5146206896551724
-5.0,-35.0,7,0.5138965517241381
-5.0,-30.0,7,0.5516206896551724
-5.0,-25.0,7,0.4586296296296296
-5.0,-10.0,7,0.6933333333333334
-5.0,-5.0,7,1.1295172413793104
0.0,-100.0,7,1.3039655172413795
0.0,-90.0,7,1.4858076923076924
0.0,-85.0,7,1.4843103448275863
0.0,-50.0,7,0.665
0.0,-45.0,7,0.49951724137931036
0.0,-40.0,7,0.36647826086956525
0.0,-35.0,7,0.49508695652173906
0.0,-30.0,7,0.5275862068965517
0.0,-25.0,7,0.5456551724137931
0.0,-20.0,7,0.7284074074074073
0.0,-15.0,7,0.7801481481481481
0.0,-10.0,7,0.9927586206896551
0.0,-5.0,7,0.8605172413793104
5.0,-100.0,7,1.4136896551724136
5.0,-90.0,7,1.38625
5.0,-80.0,7,0.2930689655172413
5.0,-35.0,7,0.6190344827586206
5.0,-30.0,7,0.8132413793103447
5.0,-25.0,7,0.7071379310344825
5.0,-20.0,7,0.9620689655172413
10.0,-100.0,7,1.524586206896552
10.0,-95.0,7,1.58344
10.0,-80.0,7,0.2577241379310345
10.0,-75.0,7,0.15927272727272726
10.0,-70.0,7,0.29910344827586205
10.0,-65.0,7,0.33675000000000005
10.0,-60.0,7,0.16300000000000003
10.0,-35.0,7,0.653
10.0,-30.0,7,0.8633448275862068
10.0,-25.0,7,0.9387586206896551
10.0,-20.0,7,1.1474482758620688
15.0,-100.0,7,1.2850344827586206
15.0,-85.0,7,0.029
15.0,-80.0,7,0.3928
15.0,-75.0,7,0.26349999999999996
15.0,-70.0,7,0.14555172413793105
15.0,-65.0,7,0.27684000000000003
15.0,-60.0,7,0.30352380952380953
15.0,-45.0,7,0.2335
15.0,-40.0,7,0.24642105263157893
15.0,-35.0,7,0.3705862068965517
15.0,-30.0,7,0.4213103448275863
15.0,-25.0,7,0.865344827586207
15.0,-20.0,7,1.2217241379310344
20.0,-95.0,7,0.7364482758620691
20.0,-90.0,7,0.40231034482758626
20.0,-85.0,7,0.2477241379310345
20.0,-80.0,7,0.18092000000000003
20.0,-70.0,7,0.17199999999999996
20.0,-65.0,7,0.23384
20.0,-55.0,7,0.04320689655172414
20.0,-45.0,7,0.18950000000000003
20.0,-35.0,7,0.19188461538461538
20.0,-30.0,7,0.18027586206896554
20.0,-25.0,7,0.40855172413793106
20.0,-20.0,7,0.6474137931034483
25.0,-95.0,7,0.5112758620689655
25.0,-90.0,7,0.5247931034482759
25.0,-85.0,7,0.36903448275862066
25.0,-80.0,7,0.37448275862068964
25.0,-55.0,7,0.04355555555555556
25.0,-35.0,7,0.10331034482758619
25.0,-30.0,7,0.09155172413793104
25.0,-25.0,7,0.08848275862068965
25.0,-20.0,7,0.22910714285714287
30.0,-80.0,7,0.3872758620689655
30.0,-75.0,7,0.034050000000000004
30.0,-65.0,7,0.0513103448275862
30.0,-55.0,7,0.046068965517241385
30.0,-35.0,7,0.12237931034482762
30.0,-30.0,7,0.13586206896551725
30.0,-25.0,7,0.10110344827586207
30.0,-20.0,7,0.08085714285714286
30.0,-15.0,7,0.23906896551724144
30.0,-10.0,7,0.4355625
-15.0,-95.0,8,0.993304347826087
-15.0,-90.0,8,1.343034482758621
-15.0,-85.0,8,1.668793103448276
-15.0,-80.0,8,2.2021379310344824
-15.0,-35.0,8,0.6553636363636364
-15.0,-30.0,8,0.42504761904761906
-15.0,-5.0,8,0.9472758620689656
-10.0,-90.0,8,1.7647931034482753
-10.0,-85.0,8,1.8587586206896554
-10.0,-80.0,8,2.0254545454545454
-10.0,-35.0,8,0.5424166666666667
-10.0,-30.0,8,0.583103448275862
-10.0,-25.0,8,0.5170689655172414
-10.0,-15.0,8,0.4216666666666667
-5.0,-95.0,8,1.3056896551724138
-5.0,-90.0,8,1.5098620689655173
-5.0,-85.0,8,1.683862068965517
-5.0,-45.0,8,0.4192413793103449
-5.0,-40.0,8,0.42486206896551726
-5.0,-35.0,8,0.741642857142857
-5.0,-30.0,8,0.7061034482758621
-5.0,-25.0,8,0.7499310344827587
-5.0,-20.0,8,0.8064615384615385
-5.0,-15.0,8,1.053241379310345
-5.0,-10.0,8,0.9283571428571429
-5.0,-5.0,8,1.252409090909091
0.0,-100.0,8,1.6592068965517237
0.0,-95.0,8,1.2842758620689656
0.0,-90.0,8,1.068551724137931
0.0,-85.0,8,1.3447241379310344
0.0,-80.0,8,1.189793103448276
0.0,-50.0,8,0.474
0.0,-45.0,8,0.46955172413793106
0.0,-40.0,8,0.41239285714285717
0.0,-35.0,8,0.5111724137931035
0.0,-30.0,8,0.6354827586206897
0.0,-25.0,8,0.6025862068965517
0.0,-20.0,8,0.7401923076923077
0.0,-15.0,8,0.8057931034482759
0.0,-10.0,8,1.0646896551724139
0.0,-5.0,8,0.8134666666666667
5.0,-95.0,8,1.4609200000000002
5.0,-90.0,8,1.5536428571428569
5.0,-85.0,8,1.2925517241379314
5.0,-80.0,8,1.246551724137931
5.0,-60.0,8,0.5190714285714286
5.0,-55.0,8,0.5612758620689655
5.0,-40.0,8,0.9815
5.0,-35.0,8,0.7159999999999999
5.0,-30.0,8,0.6192413793103448
5.0,-25.0,8,0.6945517241379311
5.0,-15.0,8,0.6853333333333333
10.0,-90.0,8,1.4780357142857141
10.0,-70.0,8,0.44875862068965516
10.0,-65.0,8,0.5228275862068966
10.0,-60.0,8,0.3606551724137931
10.0,-55.0,8,0.3785862068965517
10.0,-50.0,8,0.105375
10.0,-40.0,8,0.9410000000000001
10.0,-35.0,8,0.6351724137931034
10.0,-30.0,8,0.9810344827586209
10.0,-25.0,8,1.048344827586207
10.0,-20.0,8,1.0198275862068966
15.0,-90.0,8,0.33025
15.0,-85.0,8,0.351
15.0,-70.0,8,0.08082758620689655
15.0,-65.0,8,0.028464285714285716
15.0,-60.0,8,
15.0,-55.0,8,0.07106896551724137
15.0,-50.0,8,0.058541666666666665
15.0,-45.0,8,0.0
15.0,-40.0,8,0.3902857142857143
15.0,-35.0,8,0.26520689655172414
15.0,-30.0,8,0.3111785714285714
15.0,-25.0,8,0.870448275862069
15.0,-20.0,8,1.1375172413793104
20.0,-90.0,8,0.2822962962962963
20.0,-85.0,8,0.23937931034482762
20.0,-80.0,8,0.10141379310344828
20.0,-75.0,8,0.10675862068965518
20.0,-70.0,8,0.03158620689655173
20.0,-65.0,8,0.06910344827586207
20.0,-60.0,8,0.07760714285714286
20.0,-55.0,8,0.043137931034482754
20.0,-50.0,8,0.11730769230769232
20.0,-45.0,8,0.057448275862068965
20.0,-40.0,8,0.16011111111111112
20.0,-35.0,8,0.12262068965517242
20.0,-30.0,8,0.0977857142857143
20.0,-25.0,8,0.20064285714285715
20.0,-20.0,8,0.7467586206896552
25.0,-95.0,8,0.5004827586206898
25.0,-90.0,8,0.37527586206896546
25.0,-85.0,8,0.33866666666666667
25.0,-80.0,8,0.17179310344827586
25.0,-75.0,8,0.14662068965517241
25.0,-70.0,8,0.0683103448275862
25.0,-65.0,8,0.0020909090909090908
25.0,-60.0,8,0.027200000000000002
25.0,-55.0,8,0.039
25.0,-40.0,8,0.16357142857142856
25.0,-35.0,8,0.10213793103448275
25.0,-30.0,8,0.09589655172413794
25.0,-25.0,8,0.08128571428571428
25.0,-20.0,8,0.1730344827586207
25.0,-15.0,8,0.31693103448275867
30.0,-80.0,8,0.40475
30.0,-75.0,8,0.14088461538461539
30.0,-70.0,8,0.05344827586206897
30.0,-65.0,8,0.03635000000000001
30.0,-60.0,8,0.07394444444444444
30.0,-55.0,8,0.13613636363636364
30.0,-50.0,8,0.154
30.0,-40.0,8,0.2001666666666667
30.0,-35.0,8,0.10355172413793104
30.0,-30.0,8,0.10575862068965518
30.0,-25.0,8,0.11093103448275861
30.0,-20.0,8,0.07076923076923078
30.0,-15.0,8,0.20979310344827584
30.0,-10.0,8,0.43775000000000003
-15.0,-100.0,9,1.104896551724138
-15.0,-95.0,9,0.9448518518518519
-15.0,-90.0,9,1.5329655172413794
-15.0,-85.0,9,1.7131034482758623
-15.0,-80.0,9,2.322
-15.0,-40.0,9,0.2840344827586207
-15.0,-35.0,9,0.31151851851851853
-10.0,-100.0,9,1.5650689655172416
-10.0,-95.0,9,1.3426785714285714
-10.0,-90.0,9,1.7188620689655176
-10.0,-85.0,9,1.8506896551724141
-10.0,-80.0,9,2.1158636363636365
-10.0,-35.0,9,0.3794827586206897
-10.0,-25.0,9,0.5793103448275863
-5.0,-100.0,9,1.5382068965517244
-5.0,-95.0,9,1.922
-5.0,-90.0,9,1.642758620689655
-5.0,-85.0,9,1.6927586206896554
-5.0,-40.0,9,0.31755172413793104
-5.0,-35.0,9,0.452551724137931
-5.0,-30.0,9,0.49779310344827593
-5.0,-25.0,9,0.538
-5.0,-15.0,9,1.0061379310344827
-5.0,-10.0,9,1.0236785714285714
0.0,-100.0,9,1.4424827586206894
0.0,-95.0,9,1.4837931034482759
0.0,-90.0,9,1.2678620689655173
0.0,-85.0,9,1.3172592592592594
0.0,-80.0,9,1.4406666666666668
0.0,-40.0,9,0.3032068965517241
0.0,-35.0,9,0.37944827586206886
0.0,-30.0,9,0.524448275862069
0.0,-25.0,9,0.5896896551724138
0.0,-15.0,9,0.9857407407407408
0.0,-10.0,9,1.1143571428571428
5.0,-100.0,9,1.8157931034482757
5.0,-95.0,9,1.76851724137931
5.0,-90.0,9,1.6626206896551725
5.0,-60.0,9,0.38025
5.0,-55.0,9,0.3262068965517242
5.0,-50.0,9,0.24093333333333333
5.0,-45.0,9,0.5063333333333333
5.0,-40.0,9,0.199
5.0,-35.0,9,0.6787916666666666
5.0,-30.0,9,0.6567931034482759
5.0,-25.0,9,0.7764482758620688
10.0,-100.0,9,1.7349655172413794
10.0,-95.0,9,1.7313448275862071
10.0,-90.0,9,1.670310344827586
10.0,-70.0,9,0.039
10.0,-65.0,9,0.7229285714285714
10.0,-60.0,9,0.12646428571428572
10.0,-35.0,9,0.8245862068965517
10.0,-30.0,9,1.0327586206896553
10.0,-25.0,9,1.1774137931034483
10.0,-20.0,9,1.2298620689655173
15.0,-100.0,9,1.4297307692307692
15.0,-95.0,9,1.6458965517241382
15.0,-70.0,9,0.11296551724137932
15.0,-55.0,9,0.06779310344827585
15.0,-40.0,9,0.28524999999999995
15.0,-35.0,9,0.3657931034482758
15.0,-30.0,9,0.5262857142857144
15.0,-25.0,9,0.21389285714285713
15.0,-20.0,9,0.7369310344827585
20.0,-95.0,9,1.1103333333333334
20.0,-90.0,9,0.15178571428571427
20.0,-85.0,9,0.3338571428571428
20.0,-80.0,9,0.026071428571428572
20.0,-75.0,9,0.03185714285714286
20.0,-70.0,9,0.027304347826086955
20.0,-55.0,9,0.07426086956521738
20.0,-35.0,9,0.09212000000000002
20.0,-30.0,9,0.15250000000000002
20.0,-25.0,9,0.21010714285714285
20.0,-20.0,9,0.5542142857142857
25.0,-95.0,9,0.4626428571428571
25.0,-90.0,9,0.5643103448275862
25.0,-85.0,9,0.32592
25.0,-80.0,9,0.12412000000000001
25.0,-55.0,9,0.05710344827586206
25.0,-45.0,9,0.015956521739130435
25.0,-40.0,9,0.012478260869565216
25.0,-35.0,9,0.11258620689655173
25.0,-30.0,9,0.06303571428571428
25.0,-25.0,9,0.15031034482758618
25.0,-20.0,9,0.22686206896551722
30.0,-80.0,9,0.3252068965517242
30.0,-65.0,9,0.044
30.0,-55.0,9,0.12858620689655173
30.0,-50.0,9,0.17214814814814813
30.0,-30.0,9,0.10196551724137931
30.0,-25.0,9,0.09524137931034483
30.0,-20.0,9,0.08611538461538461
30.0,-15.0,9,0.18617857142857144
-15.0,-90.0,10,1.2173448275862069
-15.0,-85.0,10,1.1878620689655173
-15.0,-80.0,10,1.8268275862068968
-15.0,-40.0,10,0.503090909090909
-15.0,-35.0,10,0.03857894736842106
-15.0,-25.0,10,0.1148695652173913
-10.0,-95.0,10,1.1384827586206896
-10.0,-90.0,10,1.4260689655172414
-10.0,-85.0,10,1.7523103448275865
-10.0,-80.0,10,1.9364999999999999
-10.0,-35.0,10,0.3471034482758621
-10.0,-30.0,10,0.4546428571428572
-10.0,-25.0,10,0.43699999999999994
-10.0,-5.0,10,1.0129310344827587
-5.0,-90.0,10,1.5526551724137931
-5.0,-85.0,10,1.3174137931034482
-5.0,-45.0,10,0.2901724137931035
-5.0,-40.0,10,0.31862068965517243
-5.0,-35.0,10,0.4775172413793104
-5.0,-30.0,10,0.5292413793103449
-5.0,-25.0,10,0.5497777777777778
-5.0,-5.0,10,0.8674137931034483
0.0,-90.0,10,1.4317931034482758
0.0,-85.0,10,1.4676206896551722
0.0,-80.0,10,1.3684814814814814
0.0,-50.0,10,0.3069047619047619
0.0,-45.0,10,0.22496551724137934
0.0,-40.0,10,0.3164137931034483
0.0,-35.0,10,0.4558275862068965
0.0,-30.0,10,0.45462068965517244
0.0,-25.0,10,0.5969310344827586
0.0,-20.0,10,0.83975
0.0,-5.0,10,0.8873793103448276
5.0,-85.0,10,1.419185185185185
5.0,-60.0,10,0.48234482758620695
5.0,-55.0,10,0.41479310344827586
5.0,-50.0,10,0.5250344827586206
5.0,-45.0,10,0.6254827586206896
5.0,-40.0,10,0.7866896551724135
5.0,-35.0,10,0.7283793103448276
5.0,-30.0,10,0.7732413793103446
5.0,-25.0,10,0.7893793103448277
5.0,-20.0,10,0.65436
10.0,-75.0,10,0.19620689655172413
10.0,-70.0,10,0.2647931034482759
10.0,-65.0,10,0.3216896551724138
10.0,-60.0,10,0.2797241379310344
10.0,-55.0,10,0.33606896551724136
10.0,-40.0,10,0.7767407407407406
10.0,-35.0,10,0.9008275862068965
10.0,-30.0,10,0.9575172413793104
10.0,-25.0,10,1.2333448275862073
10.0,-20.0,10,1.097103448275862
15.0,-75.0,10,0.07834482758620691
15.0,-70.0,10,0.0719655172413793
15.0,-65.0,10,0.13841379310344826
15.0,-55.0,10,0.1196206896551724
15.0,-30.0,10,0.5662413793103448
15.0,-25.0,10,1.0493103448275862
15.0,-20.0,10,1.099448275862069
20.0,-95.0,10,0.3177931034482759
20.0,-90.0,10,0.1631034482758621
20.0,-85.0,10,0.3077931034482759
20.0,-80.0,10,0.12537931034482758
20.0,-75.0,10,0.04372413793103448
20.0,-70.0,10,0.03293103448275862
20.0,-55.0,10,0.048206896551724145
20.0,-40.0,10,0.12820833333333334
20.0,-35.0,10,0.10744827586206898
20.0,-30.0,10,0.07703846153846154
20.0,-25.0,10,0.30437931034482757
20.0,-20.0,10,0.9006206896551726
25.0,-95.0,10,0.3661379310344827
25.0,-90.0,10,0.40768965517241373
25.0,-85.0,10,0.1258181818181818
25.0,-80.0,10,0.21410344827586206
25.0,-75.0,10,0.04484
25.0,-65.0,10,0.08735000000000001
25.0,-60.0,10,0.12110526315789474
25.0,-55.0,10,0.05913793103448277
25.0,-50.0,10,0.06924137931034482
25.0,-35.0,10,0.1103793103448276
25.0,-30.0,10,0.10448275862068965
25.0,-25.0,10,0.08514814814814817
25.0,-20.0,10,0.1779285714285714
25.0,-15.0,10,0.42991666666666656
30.0,-80.0,10,0.15895454545454546
30.0,-65.0,10,0.023034482758620686
30.0,-60.0,10,0.12305263157894737
30.0,-55.0,10,0.05203448275862069
30.0,-50.0,10,0.0841764705882353
30.0,-35.0,10,0.1227142857142857
30.0,-30.0,10,0.15451724137931033
30.0,-25.0,10,0.09944827586206897
30.0,-20.0,10,0.09955172413793104
30.0,-15.0,10,0.2870689655172414
-15.0,-100.0,11,0.9065172413793104
-15.0,-95.0,11,1.272285714285714
-15.0,-90.0,11,0.9278965517241379
-15.0,-85.0,11,1.6843793103448275
-15.0,-80.0,11,2.072551724137931
-15.0,-35.0,11,0.40521428571428564
-15.0,-30.0,11,0.33515999999999996
-10.0,-90.0,11,1.6118275862068967
-10.0,-85.0,11,1.9378965517241382
-10.0,-80.0,11,2.374181818181818
-10.0,-35.0,11,0.32834482758620687
-10.0,-30.0,11,0.47496551724137925
-10.0,-25.0,11,1.41625
-10.0,-15.0,11,0.6915238095238097
-10.0,-10.0,11,0.8946551724137931
-5.0,-95.0,11,1.524551724137931
-5.0,-90.0,11,1.3737586206896553
-5.0,-85.0,11,1.5472758620689655
-5.0,-45.0,11,0.34210344827586203
-5.0,-35.0,11,0.6148620689655172
-5.0,-30.0,11,0.6892692307692307
-5.0,-25.0,11,0.6512068965517241
-5.0,-20.0,11,0.28678947368421054
-5.0,-15.0,11,0.5334782608695651
-5.0,-10.0,11,0.5541818181818182
0.0,-100.0,11,1.307206896551724
0.0,-95.0,11,1.3955172413793102
0.0,-90.0,11,1.536
0.0,-85.0,11,1.2348620689655172
0.0,-80.0,11,1.1221785714285715
0.0,-50.0,11,0.3683103448275862
0.0,-45.0,11,0.33035714285714285
0.0,-35.0,11,0.4766896551724138
0.0,-25.0,11,0.6313103448275862
0.0,-20.0,11,0.34163157894736845
0.0,-15.0,11,0.5175217391304348
0.0,-10.0,11,0.6176956521739131
5.0,-100.0,11,1.715
5.0,-90.0,11,1.7438928571428571
5.0,-85.0,11,1.2336296296296296
5.0,-80.0,11,0.7791379310344827
5.0,-60.0,11,0.3964285714285714
5.0,-55.0,11,0.37485714285714294
5.0,-50.0,11,0.29718518518518516
5.0,-35.0,11,0.6047241379310344
5.0,-25.0,11,0.8033793103448277
5.0,-20.0,11,1.0105517241379312
5.0,-15.0,11,0.1402
10.0,-100.0,11,1.5084827586206895
10.0,-95.0,11,1.7407142857142859
10.0,-85.0,11,0.19941379310344828
10.0,-80.0,11,0.17020689655172414
10.0,-75.0,11,0.24851724137931033
10.0,-70.0,11,0.29372413793103447
10.0,-65.0,11,0.35537931034482756
10.0,-60.0,11,0.25955172413793104
10.0,-55.0,11,0.3533214285714286
10.0,-50.0,11,0.30044444444444446
10.0,-35.0,11,0.6982068965517241
10.0,-30.0,11,1.0535925925925926
10.0,-25.0,11,1.0100000000000002
10.0,-20.0,11,1.043551724137931
15.0,-100.0,11,1.4483333333333333
15.0,-85.0,11,0.2113103448275862
15.0,-80.0,11,0.1297241379310345
15.0,-75.0,11,0.14962068965517242
15.0,-70.0,11,0.1176206896551724
15.0,-65.0,11,0.23440000000000003
15.0,-50.0,11,0.25582142857142853
15.0,-35.0,11,0.1486923076923077
15.0,-25.0,11,0.52888
15.0,-20.0,11,1.0685172413793105
20.0,-95.0,11,0.2538620689655172
20.0,-90.0,11,0.21137931034482754
20.0,-85.0,11,0.3361034482758621
20.0,-75.0,11,0.053689655172413794
20.0,-70.0,11,0.039758620689655175
20.0,-35.0,11,0.07932
20.0,-20.0,11,1.0350689655172414
25.0,-95.0,11,0.4443448275862069
25.0,-90.0,11,0.3660689655172414
25.0,-85.0,11,0.4175172413793103
25.0,-80.0,11,0.26289655172413795
25.0,-70.0,11,0.030793103448275863
25.0,-60.0,11,0.038241379310344825
25.0,-50.0,11,0.03728
25.0,-45.0,11,0.06037931034482759
25.0,-40.0,11,0.06013793103448277
25.0,-35.0,11,0.08559999999999998
25.0,-20.0,11,0.23389655172413792
25.0,-15.0,11,1.0183478260869565
30.0,-80.0,11,0.1863793103448276
30.0,-70.0,11,0.04555
30.0,-65.0,11,0.19003448275862073
30.0,-60.0,11,0.06562068965517241
30.0,-55.0,11,0.061034482758620695
30.0,-50.0,11,0.09948275862068964
30.0,-45.0,11,0.07560714285714286
30.0,-40.0,11,0.07782758620689656
30.0,-35.0,11,0.1494137931034483
30.0,-30.0,11,0.12962962962962962
30.0,-25.0,11,0.12282758620689657
-15.0,-85.0,12,1.4786551724137933
-15.0,-80.0,12,2.1822142857142857
-15.0,-30.0,12,0.31914285714285723
-15.0,-25.0,12,0.33889285714285716
-15.0,-15.0,12,1.164
-10.0,-90.0,12,1.2441666666666666
-10.0,-85.0,12,1.8736551724137933
-10.0,-80.0,12,2.0887499999999997
-10.0,-35.0,12,0.43144827586206896
-10.0,-30.0,12,0.49906896551724134
-10.0,-25.0,12,0.4369285714285715
-10.0,-15.0,12,0.4518095238095239
-5.0,-95.0,12,1.6407241379310349
-5.0,-90.0,12,0.527
-5.0,-85.0,12,1.7477241379310342
-5.0,-40.0,12,0.4476
-5.0,-35.0,12,0.4348518518518518
-5.0,-30.0,12,0.6232413793103448
-5.0,-25.0,12,0.6477931034482759
-5.0,-20.0,12,0.601448275862069
-5.0,-15.0,12,0.6373478260869565
-5.0,-10.0,12,0.92375
-5.0,-5.0,12,0.6845416666666666
0.0,-95.0,12,1.4958275862068964
0.0,-45.0,12,0.37
0.0,-40.0,12,0.6011666666666667
0.0,-35.0,12,0.22599999999999998
0.0,-30.0,12,0.5771034482758621
0.0,-25.0,12,0.6463636363636364
0.0,-20.0,12,0.6691379310344828
0.0,-15.0,12,0.8212758620689655
0.0,-5.0,12,0.7945862068965516
5.0,-80.0,12,0.8327586206896551
5.0,-55.0,12,0.4434444444444445
5.0,-50.0,12,0.46744444444444455
5.0,-45.0,12,0.025
5.0,-40.0,12,0.8935
5.0,-35.0,12,0.075
5.0,-30.0,12,0.7777727272727273
5.0,-25.0,12,0.6768
5.0,-20.0,12,0.9473793103448277
5.0,-15.0,12,0.8480689655172415
10.0,-100.0,12,1.7169285714285714
10.0,-95.0,12,1.7003214285714285
10.0,-80.0,12,0.25293103448275867
10.0,-75.0,12,0.3217586206896552
10.0,-70.0,12,0.32334482758620686
10.0,-65.0,12,0.30865517241379314
10.0,-60.0,12,0.21403448275862072
10.0,-55.0,12,0.147
10.0,-50.0,12,0.3603214285714285
10.0,-45.0,12,0.035
10.0,-30.0,12,0.78215
10.0,-20.0,12,1.2113793103448276
15.0,-100.0,12,0.9433888888888889
15.0,-80.0,12,0.0960344827586207
15.0,-70.0,12,0.09475862068965518
15.0,-65.0,12,0.23293103448275865
15.0,-60.0,12,0.27666666666666667
15.0,-55.0,12,0.14368
15.0,-50.0,12,0.14517241379310344
15.0,-45.0,12,0.1685217391304348
15.0,-30.0,12,0.3268965517241379
15.0,-25.0,12,0.6848275862068967
15.0,-20.0,12,1.4443103448275865
20.0,-95.0,12,0.28431034482758616
20.0,-85.0,12,0.15455172413793103
20.0,-75.0,12,0.012047619047619048
20.0,-70.0,12,0.0015238095238095239
20.0,-45.0,12,0.055379310344827584
20.0,-40.0,12,0.1291904761904762
20.0,-35.0,12,0.17241379310344832
20.0,-30.0,12,0.35128571428571426
20.0,-20.0,12,0.969
25.0,-95.0,12,0.5394827586206896
25.0,-90.0,12,0.39171428571428574
25.0,-85.0,12,0.3618333333333334
25.0,-80.0,12,0.19414814814814815
25.0,-75.0,12,0.01012
25.0,-70.0,12,0.085
25.0,-45.0,12,0.09072413793103448
25.0,-40.0,12,0.10112
25.0,-35.0,12,0.17713793103448275
25.0,-30.0,12,0.18247999999999998
25.0,-25.0,12,0.19596000000000002
25.0,-20.0,12,0.48920689655172406
25.0,-15.0,12,0.4319310344827586
30.0,-80.0,12,0.18720689655172412
30.0,-75.0,12,0.10455555555555557
30.0,-70.0,12,0.2
30.0,-65.0,12,0.07951724137931036
30.0,-50.0,12,0.085
30.0,-35.0,12,0.2446875
30.0,-30.0,12,0.18275
30.0,-25.0,12,0.268
30.0,-20.0,12,0.14876
30.0,-15.0,12,0.15183333333333335
